id,address,name,construction,demolition,architect,notes,target1904,scope,occupancy1904,geometry_status,confidence,source_ids,built_year,demolished_year,status_1904,events,directory_candidates,excluded_1904,measurements
pa-1612-1,1612 S. Prairie Avenue,Joseph Goodman / Studebaker residence,1869,circa 1960,,"Bishop Anderson residence from 1905; do not backdate that occupancy. | 1904 Blue Book candidate: Charles Edward Brown; George F. Brown; George F. Brown Jr.. OCR-derived, selected names only; page verification pending.",inferred present,core,,unmeasured; footprint and heights require map/plan reconciliation,source-backed identification; 1904 existence inferred from lifespan unless otherwise stated,"[""B-marker_north"", ""civic-bluebook-1904""]",1869,,inferred present,"[{""type"": ""construction"", ""date_text"": ""1869"", ""source_ids"": [""B-marker_north"", ""civic-bluebook-1904""], ""confidence"": ""reported; preserve ranges/conflicts""}, {""type"": ""loss"", ""date_text"": ""circa 1960"", ""source_ids"": [""B-marker_north"", ""civic-bluebook-1904""], ""confidence"": ""reported; preserve ranges/conflicts""}]","[{""address"": 1612, ""street"": ""Prairie Avenue"", ""year_label"": 1904, ""source_id"": ""civic-bluebook-1904"", ""source_locator"": ""printed pp.186–187; PDF pp.188–189"", ""listed_people"": ""Charles Edward Brown; George F. Brown; George F. Brown Jr."", ""verification"": ""OCR-derived factual candidate; visual source-page check pending"", ""limits"": ""Selected names only; does not establish complete household, ownership, vacancy or building geometry.""}]",False,[]
pa-1638-2,1638 S. Prairie Avenue,John G. Shortall / Robert B. and Addie Gregory residence,1868 (marker); 1870 (1973 report),1944 (marker); conflicts with report’s 1947 occupancy claim,John W. Roberts,"Chronology conflict retained; adjudicate against permits/newspapers. | 1904 Blue Book candidate: Robert B. Gregory household; Elizabeth Gregory; Miss Gregory. OCR-derived, selected names only; page verification pending.",inferred present,core,,unmeasured; footprint and heights require map/plan reconciliation,source-backed identification; 1904 existence inferred from lifespan unless otherwise stated,"[""B-marker_north"", ""B-city1973"", ""civic-bluebook-1904""]",,,inferred present,"[{""type"": ""construction"", ""date_text"": ""1868 (marker); 1870 (1973 report)"", ""source_ids"": [""B-marker_north"", ""B-city1973"", ""civic-bluebook-1904""], ""confidence"": ""reported; preserve ranges/conflicts""}, {""type"": ""loss"", ""date_text"": ""1944 (marker); conflicts with report’s 1947 occupancy claim"", ""source_ids"": [""B-marker_north"", ""B-city1973"", ""civic-bluebook-1904""], ""confidence"": ""reported; preserve ranges/conflicts""}]","[{""address"": 1638, ""street"": ""Prairie Avenue"", ""year_label"": 1904, ""source_id"": ""civic-bluebook-1904"", ""source_locator"": ""printed pp.186–187; PDF pp.188–189"", ""listed_people"": ""Robert B. Gregory household; Elizabeth Gregory; Miss Gregory"", ""verification"": ""OCR-derived factual candidate; visual source-page check pending"", ""limits"": ""Selected names only; does not establish complete household, ownership, vacancy or building geometry.""}]",False,[]
pa-1701-3,1701 S. Prairie Avenue,William G. Hibbard residence,1869,1932,William Le Baron Jenney,"American Terra Cotta acquired 1921; Sullivan office was later use. | 1904 Blue Book candidate: Mrs. William Gold Hibbard; Mrs. O. Van Schaack Ward. OCR-derived, selected names only; page verification pending.",inferred present,core,,unmeasured; footprint and heights require map/plan reconciliation,source-backed identification; 1904 existence inferred from lifespan unless otherwise stated,"[""B-marker_north"", ""civic-bluebook-1904""]",1869,1932,inferred present,"[{""type"": ""construction"", ""date_text"": ""1869"", ""source_ids"": [""B-marker_north"", ""civic-bluebook-1904""], ""confidence"": ""reported; preserve ranges/conflicts""}, {""type"": ""loss"", ""date_text"": ""1932"", ""source_ids"": [""B-marker_north"", ""civic-bluebook-1904""], ""confidence"": ""reported; preserve ranges/conflicts""}]","[{""address"": 1701, ""street"": ""Prairie Avenue"", ""year_label"": 1904, ""source_id"": ""civic-bluebook-1904"", ""source_locator"": ""printed pp.186–187; PDF pp.188–189"", ""listed_people"": ""Mrs. William Gold Hibbard; Mrs. O. Van Schaack Ward"", ""verification"": ""OCR-derived factual candidate; visual source-page check pending"", ""limits"": ""Selected names only; does not establish complete household, ownership, vacancy or building geometry.""}]",False,[]
pa-1721-4,1721 S. Prairie Avenue,Wirt Dexter residence,1863,1927,,"Arthur Little front addition, 1889; later relocation of addition requires dated phase model. | 1904 Blue Book candidate: Henry H. Walker household. OCR-derived, selected names only; page verification pending.",inferred present,core,,unmeasured; footprint and heights require map/plan reconciliation,source-backed identification; 1904 existence inferred from lifespan unless otherwise stated,"[""B-marker_north"", ""civic-bluebook-1904""]",1863,1927,inferred present,"[{""type"": ""construction"", ""date_text"": ""1863"", ""source_ids"": [""B-marker_north"", ""civic-bluebook-1904""], ""confidence"": ""reported; preserve ranges/conflicts""}, {""type"": ""loss"", ""date_text"": ""1927"", ""source_ids"": [""B-marker_north"", ""civic-bluebook-1904""], ""confidence"": ""reported; preserve ranges/conflicts""}]","[{""address"": 1721, ""street"": ""Prairie Avenue"", ""year_label"": 1904, ""source_id"": ""civic-bluebook-1904"", ""source_locator"": ""printed pp.186–187; PDF pp.188–189"", ""listed_people"": ""Henry H. Walker household"", ""verification"": ""OCR-derived factual candidate; visual source-page check pending"", ""limits"": ""Selected names only; does not establish complete household, ownership, vacancy or building geometry.""}]",False,[]
pa-1729-5,1729 S. Prairie Avenue,George M. Pullman residence,1870–1876,1922,Henry S. Jaffray; later Solon S. Beman,"Marker spells Jaffay; theatre, organ, bowling alley; conservatory/park extended across 18th along Calumet. | 1904 Blue Book candidate: Mrs. George M. Pullman. OCR-derived, selected names only; page verification pending.",inferred present,core,,unmeasured; footprint and heights require map/plan reconciliation,source-backed identification; 1904 existence inferred from lifespan unless otherwise stated,"[""B-marker_north"", ""civic-bluebook-1904""]",,1922,inferred present,"[{""type"": ""construction"", ""date_text"": ""1870–1876"", ""source_ids"": [""B-marker_north"", ""civic-bluebook-1904""], ""confidence"": ""reported; preserve ranges/conflicts""}, {""type"": ""loss"", ""date_text"": ""1922"", ""source_ids"": [""B-marker_north"", ""civic-bluebook-1904""], ""confidence"": ""reported; preserve ranges/conflicts""}]","[{""address"": 1729, ""street"": ""Prairie Avenue"", ""year_label"": 1904, ""source_id"": ""civic-bluebook-1904"", ""source_locator"": ""printed pp.186–187; PDF pp.188–189"", ""listed_people"": ""Mrs. George M. Pullman"", ""verification"": ""OCR-derived factual candidate; visual source-page check pending"", ""limits"": ""Selected names only; does not establish complete household, ownership, vacancy or building geometry.""}]",False,[]
pa-1808-6,1808 S. Prairie Avenue,Osborn R. Keith / Stanley Field residence,1886,1968,Cobb & Frost,"North wall retained beside Glessner courtyard. | 1904 Blue Book candidate: Stanley Field household. OCR-derived, selected names only; page verification pending.",inferred present,core,,unmeasured; footprint and heights require map/plan reconciliation,source-backed identification; 1904 existence inferred from lifespan unless otherwise stated,"[""B-marker_west"", ""civic-bluebook-1904""]",1886,1968,inferred present,"[{""type"": ""construction"", ""date_text"": ""1886"", ""source_ids"": [""B-marker_west"", ""civic-bluebook-1904""], ""confidence"": ""reported; preserve ranges/conflicts""}, {""type"": ""loss"", ""date_text"": ""1968"", ""source_ids"": [""B-marker_west"", ""civic-bluebook-1904""], ""confidence"": ""reported; preserve ranges/conflicts""}]","[{""address"": 1808, ""street"": ""Prairie Avenue"", ""year_label"": 1904, ""source_id"": ""civic-bluebook-1904"", ""source_locator"": ""printed pp.186–187; PDF pp.188–189"", ""listed_people"": ""Stanley Field household"", ""verification"": ""OCR-derived factual candidate; visual source-page check pending"", ""limits"": ""Selected names only; does not establish complete household, ownership, vacancy or building geometry.""}]",False,[]
pa-1812-7,1812 S. Prairie Avenue,George H. Wheeler residence,1884,1968,Burnham & Root,"Brick, Dutch vernacular rowhouse. | 1904 Blue Book candidate: Lawrence A. Young household. OCR-derived, selected names only; page verification pending.",inferred present,core,,unmeasured; footprint and heights require map/plan reconciliation,source-backed identification; 1904 existence inferred from lifespan unless otherwise stated,"[""B-marker_west"", ""civic-bluebook-1904""]",1884,1968,inferred present,"[{""type"": ""construction"", ""date_text"": ""1884"", ""source_ids"": [""B-marker_west"", ""civic-bluebook-1904""], ""confidence"": ""reported; preserve ranges/conflicts""}, {""type"": ""loss"", ""date_text"": ""1968"", ""source_ids"": [""B-marker_west"", ""civic-bluebook-1904""], ""confidence"": ""reported; preserve ranges/conflicts""}]","[{""address"": 1812, ""street"": ""Prairie Avenue"", ""year_label"": 1904, ""source_id"": ""civic-bluebook-1904"", ""source_locator"": ""printed pp.186–187; PDF pp.188–189"", ""listed_people"": ""Lawrence A. Young household"", ""verification"": ""OCR-derived factual candidate; visual source-page check pending"", ""limits"": ""Selected names only; does not establish complete household, ownership, vacancy or building geometry.""}]",False,[]
pa-1824-8,1824 S. Prairie Avenue,Samuel B. Pomeroy / George B. Marsh residence,1857,1940s,,"New stone front in early 1880s; use altered form for 1904. | 1904 Blue Book candidate: Secor Cunningham household. OCR-derived, selected names only; page verification pending.",inferred present,core,,unmeasured; footprint and heights require map/plan reconciliation,source-backed identification; 1904 existence inferred from lifespan unless otherwise stated,"[""B-marker_west"", ""civic-bluebook-1904""]",1857,,inferred present,"[{""type"": ""construction"", ""date_text"": ""1857"", ""source_ids"": [""B-marker_west"", ""civic-bluebook-1904""], ""confidence"": ""reported; preserve ranges/conflicts""}, {""type"": ""loss"", ""date_text"": ""1940s"", ""source_ids"": [""B-marker_west"", ""civic-bluebook-1904""], ""confidence"": ""reported; preserve ranges/conflicts""}]","[{""address"": 1824, ""street"": ""Prairie Avenue"", ""year_label"": 1904, ""source_id"": ""civic-bluebook-1904"", ""source_locator"": ""printed pp.186–187; PDF pp.188–189"", ""listed_people"": ""Secor Cunningham household"", ""verification"": ""OCR-derived factual candidate; visual source-page check pending"", ""limits"": ""Selected names only; does not establish complete household, ownership, vacancy or building geometry.""}]",False,[]
pa-1834-9,1834 S. Prairie Avenue,Fernando Jones residence,1866 (marker); post-1871 (1973 report),1942,John M. Van Osdel,"1886 mansard addition; disputed original construction date. | 1904 Blue Book candidate: Fernando Jones household. OCR-derived, selected names only; page verification pending.",inferred present,core,,unmeasured; footprint and heights require map/plan reconciliation,source-backed identification; 1904 existence inferred from lifespan unless otherwise stated,"[""B-marker_west"", ""B-city1973"", ""civic-bluebook-1904""]",,1942,inferred present,"[{""type"": ""construction"", ""date_text"": ""1866 (marker); post-1871 (1973 report)"", ""source_ids"": [""B-marker_west"", ""B-city1973"", ""civic-bluebook-1904""], ""confidence"": ""reported; preserve ranges/conflicts""}, {""type"": ""loss"", ""date_text"": ""1942"", ""source_ids"": [""B-marker_west"", ""B-city1973"", ""civic-bluebook-1904""], ""confidence"": ""reported; preserve ranges/conflicts""}]","[{""address"": 1834, ""street"": ""Prairie Avenue"", ""year_label"": 1904, ""source_id"": ""civic-bluebook-1904"", ""source_locator"": ""printed pp.186–187; PDF pp.188–189"", ""listed_people"": ""Fernando Jones household"", ""verification"": ""OCR-derived factual candidate; visual source-page check pending"", ""limits"": ""Selected names only; does not establish complete household, ownership, vacancy or building geometry.""}]",False,[]
pa-1912-10,1912 S. Prairie Avenue,Bryan P. Moulton / Frank O. Lowden residence,1882,1939,,"Marker says Lowden acquired 1898; 1973 report says 1899. Later Blackstone widow use not necessarily 1904. | 1904 Blue Book candidate: Frank Orren Lowden household. OCR-derived, selected names only; page verification pending.",inferred present,core,,unmeasured; footprint and heights require map/plan reconciliation,source-backed identification; 1904 existence inferred from lifespan unless otherwise stated,"[""B-marker_west"", ""civic-bluebook-1904""]",1882,1939,inferred present,"[{""type"": ""construction"", ""date_text"": ""1882"", ""source_ids"": [""B-marker_west"", ""civic-bluebook-1904""], ""confidence"": ""reported; preserve ranges/conflicts""}, {""type"": ""loss"", ""date_text"": ""1939"", ""source_ids"": [""B-marker_west"", ""civic-bluebook-1904""], ""confidence"": ""reported; preserve ranges/conflicts""}]","[{""address"": 1912, ""street"": ""Prairie Avenue"", ""year_label"": 1904, ""source_id"": ""civic-bluebook-1904"", ""source_locator"": ""printed pp.186–187; PDF pp.188–189"", ""listed_people"": ""Frank Orren Lowden household"", ""verification"": ""OCR-derived factual candidate; visual source-page check pending"", ""limits"": ""Selected names only; does not establish complete household, ownership, vacancy or building geometry.""}]",False,[]
pa-1936-11,1936 S. Prairie Avenue,Daniel M. Thompson / Samuel W. Allerton residence,1870,1915,Lavall B. Dixon,"Allerton ownership from 1879; Hump Hairpin factory replaced house. | 1904 Blue Book candidate: S. W. Allerton household; Robert H. Allerton. OCR-derived, selected names only; page verification pending.",inferred present,core,,unmeasured; footprint and heights require map/plan reconciliation,source-backed identification; 1904 existence inferred from lifespan unless otherwise stated,"[""B-marker_west"", ""civic-bluebook-1904""]",1870,1915,inferred present,"[{""type"": ""construction"", ""date_text"": ""1870"", ""source_ids"": [""B-marker_west"", ""civic-bluebook-1904""], ""confidence"": ""reported; preserve ranges/conflicts""}, {""type"": ""loss"", ""date_text"": ""1915"", ""source_ids"": [""B-marker_west"", ""civic-bluebook-1904""], ""confidence"": ""reported; preserve ranges/conflicts""}]","[{""address"": 1936, ""street"": ""Prairie Avenue"", ""year_label"": 1904, ""source_id"": ""civic-bluebook-1904"", ""source_locator"": ""printed pp.186–187; PDF pp.188–189"", ""listed_people"": ""S. W. Allerton household; Robert H. Allerton"", ""verification"": ""OCR-derived factual candidate; visual source-page check pending"", ""limits"": ""Selected names only; does not establish complete household, ownership, vacancy or building geometry.""}]",False,[]
pa-1815-12,1815 S. Prairie Avenue,Joseph Sears / Arthur Meeker residence,1882,1967,Burnham & Root,"Meeker acquired 1902; exact 1904 occupancy needs directory. | 1904 Blue Book candidate: Arthur Meeker household. OCR-derived, selected names only; page verification pending.",inferred present,core,"Arthur Meeker family, supported by 1902 acquisition but not a 1904 household roster",unmeasured; footprint and heights require map/plan reconciliation,source-backed identification; 1904 existence inferred from lifespan unless otherwise stated,"[""B-marker_east"", ""civic-bluebook-1904""]",1882,1967,inferred present,"[{""type"": ""construction"", ""date_text"": ""1882"", ""source_ids"": [""B-marker_east"", ""civic-bluebook-1904""], ""confidence"": ""reported; preserve ranges/conflicts""}, {""type"": ""loss"", ""date_text"": ""1967"", ""source_ids"": [""B-marker_east"", ""civic-bluebook-1904""], ""confidence"": ""reported; preserve ranges/conflicts""}]","[{""address"": 1815, ""street"": ""Prairie Avenue"", ""year_label"": 1904, ""source_id"": ""civic-bluebook-1904"", ""source_locator"": ""printed pp.186–187; PDF pp.188–189"", ""listed_people"": ""Arthur Meeker household"", ""verification"": ""OCR-derived factual candidate; visual source-page check pending"", ""limits"": ""Selected names only; does not establish complete household, ownership, vacancy or building geometry.""}]",False,[]
pa-1823-13,1823 S. Prairie Avenue,Thomas Dent residence,1881,1945,Burnham & Root,"Later donated to Second Presbyterian Church. | 1904 Blue Book candidate: Thomas Dent household. OCR-derived, selected names only; page verification pending.",inferred present,core,,unmeasured; footprint and heights require map/plan reconciliation,source-backed identification; 1904 existence inferred from lifespan unless otherwise stated,"[""B-marker_east"", ""civic-bluebook-1904""]",1881,1945,inferred present,"[{""type"": ""construction"", ""date_text"": ""1881"", ""source_ids"": [""B-marker_east"", ""civic-bluebook-1904""], ""confidence"": ""reported; preserve ranges/conflicts""}, {""type"": ""loss"", ""date_text"": ""1945"", ""source_ids"": [""B-marker_east"", ""civic-bluebook-1904""], ""confidence"": ""reported; preserve ranges/conflicts""}]","[{""address"": 1823, ""street"": ""Prairie Avenue"", ""year_label"": 1904, ""source_id"": ""civic-bluebook-1904"", ""source_locator"": ""printed pp.186–187; PDF pp.188–189"", ""listed_people"": ""Thomas Dent household"", ""verification"": ""OCR-derived factual candidate; visual source-page check pending"", ""limits"": ""Selected names only; does not establish complete household, ownership, vacancy or building geometry.""}]",False,[]
pa-1827-14,1827 S. Prairie Avenue,John W. Doane residence,1882,1936,Theodore V. Wadskier,La Farge glazing; verify architect spelling against signed drawings.,inferred present,core,,unmeasured; footprint and heights require map/plan reconciliation,source-backed identification; 1904 existence inferred from lifespan unless otherwise stated,"[""B-marker_east""]",1882,1936,inferred present,"[{""type"": ""construction"", ""date_text"": ""1882"", ""source_ids"": [""B-marker_east""], ""confidence"": ""reported; preserve ranges/conflicts""}, {""type"": ""loss"", ""date_text"": ""1936"", ""source_ids"": [""B-marker_east""], ""confidence"": ""reported; preserve ranges/conflicts""}]",[],False,[]
pa-1901-15,1901 S. Prairie Avenue,Osborn R. Keith / Norman B. Ream residence,1882,1929,Lavall B. Dixon; remodel Daniel Burnham,"1887 remodeling is relevant to target form. | 1904 Blue Book candidate: Norman B. Ream household. OCR-derived, selected names only; page verification pending.",inferred present,core,,unmeasured; footprint and heights require map/plan reconciliation,source-backed identification; 1904 existence inferred from lifespan unless otherwise stated,"[""B-marker_east"", ""civic-bluebook-1904""]",1882,1929,inferred present,"[{""type"": ""construction"", ""date_text"": ""1882"", ""source_ids"": [""B-marker_east"", ""civic-bluebook-1904""], ""confidence"": ""reported; preserve ranges/conflicts""}, {""type"": ""loss"", ""date_text"": ""1929"", ""source_ids"": [""B-marker_east"", ""civic-bluebook-1904""], ""confidence"": ""reported; preserve ranges/conflicts""}]","[{""address"": 1901, ""street"": ""Prairie Avenue"", ""year_label"": 1904, ""source_id"": ""civic-bluebook-1904"", ""source_locator"": ""printed pp.186–187; PDF pp.188–189"", ""listed_people"": ""Norman B. Ream household"", ""verification"": ""OCR-derived factual candidate; visual source-page check pending"", ""limits"": ""Selected names only; does not establish complete household, ownership, vacancy or building geometry.""}]",False,[]
pa-1905-16,1905 S. Prairie Avenue,Marshall Field Sr. residence,1871–1873,1955,Richard Morris Hunt,"New Bauhaus and aeronautical school were later uses. | 1904 Blue Book candidate: Marshall Field. OCR-derived, selected names only; page verification pending.",inferred present,core,,unmeasured; footprint and heights require map/plan reconciliation,source-backed identification; 1904 existence inferred from lifespan unless otherwise stated,"[""B-marker_east"", ""civic-bluebook-1904""]",,1955,inferred present,"[{""type"": ""construction"", ""date_text"": ""1871–1873"", ""source_ids"": [""B-marker_east"", ""civic-bluebook-1904""], ""confidence"": ""reported; preserve ranges/conflicts""}, {""type"": ""loss"", ""date_text"": ""1955"", ""source_ids"": [""B-marker_east"", ""civic-bluebook-1904""], ""confidence"": ""reported; preserve ranges/conflicts""}]","[{""address"": 1905, ""street"": ""Prairie Avenue"", ""year_label"": 1904, ""source_id"": ""civic-bluebook-1904"", ""source_locator"": ""printed pp.186–187; PDF pp.188–189"", ""listed_people"": ""Marshall Field"", ""verification"": ""OCR-derived factual candidate; visual source-page check pending"", ""limits"": ""Selected names only; does not establish complete household, ownership, vacancy or building geometry.""}]",False,[]
pa-2009-17,2009 S. Prairie Avenue,Max A. Mayer residence,1888,1955,Burnham & Root,"Marker heading spells Meyer; text spells Mayer; retain name ambiguity. | 1904 Blue Book candidate: M. A. Meyer household; E. F. Meyer; Albert Meyer; Carl Meyer; Abraham Meyer. OCR-derived, selected names only; page verification pending.",inferred present,core,,unmeasured; footprint and heights require map/plan reconciliation,source-backed identification; 1904 existence inferred from lifespan unless otherwise stated,"[""B-marker_south"", ""civic-bluebook-1904""]",1888,1955,inferred present,"[{""type"": ""construction"", ""date_text"": ""1888"", ""source_ids"": [""B-marker_south"", ""civic-bluebook-1904""], ""confidence"": ""reported; preserve ranges/conflicts""}, {""type"": ""loss"", ""date_text"": ""1955"", ""source_ids"": [""B-marker_south"", ""civic-bluebook-1904""], ""confidence"": ""reported; preserve ranges/conflicts""}]","[{""address"": 2009, ""street"": ""Prairie Avenue"", ""year_label"": 1904, ""source_id"": ""civic-bluebook-1904"", ""source_locator"": ""printed pp.186–187; PDF pp.188–189"", ""listed_people"": ""M. A. Meyer household; E. F. Meyer; Albert Meyer; Carl Meyer; Abraham Meyer"", ""verification"": ""OCR-derived factual candidate; visual source-page check pending"", ""limits"": ""Selected names only; does not establish complete household, ownership, vacancy or building geometry.""}]",False,[]
pa-2100-18,2100 S. Prairie Avenue,John B. Sherman residence,1874,1936,Burnham & Root,,inferred present,core,,unmeasured; footprint and heights require map/plan reconciliation,source-backed identification; 1904 existence inferred from lifespan unless otherwise stated,"[""B-marker_south""]",1874,1936,inferred present,"[{""type"": ""construction"", ""date_text"": ""1874"", ""source_ids"": [""B-marker_south""], ""confidence"": ""reported; preserve ranges/conflicts""}, {""type"": ""loss"", ""date_text"": ""1936"", ""source_ids"": [""B-marker_south""], ""confidence"": ""reported; preserve ranges/conflicts""}]",[],False,[]
pa-2115-19,2115 S. Prairie Avenue,David Kelley / Philip D. Armour residence,1871,1937,,"Armour widow remained through 1927; do not label deceased Philip as 1904 occupant. | 1904 Blue Book candidate: Mrs. Philip D. Armour. OCR-derived, selected names only; page verification pending.",inferred present,core,,unmeasured; footprint and heights require map/plan reconciliation,source-backed identification; 1904 existence inferred from lifespan unless otherwise stated,"[""B-marker_south"", ""civic-bluebook-1904""]",1871,1937,inferred present,"[{""type"": ""construction"", ""date_text"": ""1871"", ""source_ids"": [""B-marker_south"", ""civic-bluebook-1904""], ""confidence"": ""reported; preserve ranges/conflicts""}, {""type"": ""loss"", ""date_text"": ""1937"", ""source_ids"": [""B-marker_south"", ""civic-bluebook-1904""], ""confidence"": ""reported; preserve ranges/conflicts""}]","[{""address"": 2115, ""street"": ""Prairie Avenue"", ""year_label"": 1904, ""source_id"": ""civic-bluebook-1904"", ""source_locator"": ""printed pp.186–187; PDF pp.188–189"", ""listed_people"": ""Mrs. Philip D. Armour"", ""verification"": ""OCR-derived factual candidate; visual source-page check pending"", ""limits"": ""Selected names only; does not establish complete household, ownership, vacancy or building geometry.""}]",False,[]
pa-2126-20,2126 S. Prairie Avenue,Edward F. Robbins residence,1904 (marker); other accounts say 1905,2002,"Mann, MacNeill & Lindeberg","Target-year construction event: no exact completion/occupancy date established. Red brick, white marble; publishing offices later. | 1904 Blue Book candidate: Edward F. Robbins household. OCR-derived, selected names only; page verification pending.",construction during target year; month unresolved,core,,unmeasured; footprint and heights require map/plan reconciliation,source-backed identification; 1904 existence inferred from lifespan unless otherwise stated,"[""B-marker_south"", ""civic-bluebook-1904""]",,2002,construction during target year; month unresolved,"[{""type"": ""construction"", ""date_text"": ""1904 (marker); other accounts say 1905"", ""source_ids"": [""B-marker_south"", ""civic-bluebook-1904""], ""confidence"": ""reported; preserve ranges/conflicts""}, {""type"": ""loss"", ""date_text"": ""2002"", ""source_ids"": [""B-marker_south"", ""civic-bluebook-1904""], ""confidence"": ""reported; preserve ranges/conflicts""}]","[{""address"": 2126, ""street"": ""Prairie Avenue"", ""year_label"": 1904, ""source_id"": ""civic-bluebook-1904"", ""source_locator"": ""printed pp.186–187; PDF pp.188–189"", ""listed_people"": ""Edward F. Robbins household"", ""verification"": ""OCR-derived factual candidate; visual source-page check pending"", ""limits"": ""Selected names only; does not establish complete household, ownership, vacancy or building geometry.""}]",False,[]
pa-2140-21,2140 S. Prairie Avenue,William F. Tucker / Byron L. Smith residence,1876,1936,John M. Van Osdel,"Smith acquired 1881; dining room salvaged to Northern Trust. | 1904 Blue Book candidate: Byron L. Smith household; Walter B. Smith; Harold C. Smith; Bruce D. Smith. OCR-derived, selected names only; page verification pending.",inferred present,core,,unmeasured; footprint and heights require map/plan reconciliation,source-backed identification; 1904 existence inferred from lifespan unless otherwise stated,"[""B-marker_south"", ""civic-bluebook-1904""]",1876,1936,inferred present,"[{""type"": ""construction"", ""date_text"": ""1876"", ""source_ids"": [""B-marker_south"", ""civic-bluebook-1904""], ""confidence"": ""reported; preserve ranges/conflicts""}, {""type"": ""loss"", ""date_text"": ""1936"", ""source_ids"": [""B-marker_south"", ""civic-bluebook-1904""], ""confidence"": ""reported; preserve ranges/conflicts""}]","[{""address"": 2140, ""street"": ""Prairie Avenue"", ""year_label"": 1904, ""source_id"": ""civic-bluebook-1904"", ""source_locator"": ""printed pp.186–187; PDF pp.188–189"", ""listed_people"": ""Byron L. Smith household; Walter B. Smith; Harold C. Smith; Bruce D. Smith"", ""verification"": ""OCR-derived factual candidate; visual source-page check pending"", ""limits"": ""Selected names only; does not establish complete household, ownership, vacancy or building geometry.""}]",False,[]
pa-1800-22,1800 S. Prairie Avenue,John and Frances Glessner residence,1887,,Henry Hobson Richardson,"Extant courtyard house; consult separate deep Glessner dossier. | 1904 Blue Book candidate: John J. Glessner household. OCR-derived, selected names only; page verification pending. | Dimensional evidence: granite facing thickness: 6 and 8 in (August 1963 HABS observation; match with 1904 phase before use); roof tile module: 6 wide; 5 exposed in (August 1963 HABS observation; match with 1904 phase before use); principal oak floor strip width: 2.25 in (August 1963 HABS observation; match with 1904 phase before use); bathroom and service-floor tile module: 6 in square (August 1963 HABS observation; match with 1904 phase before use); corridor wainscot height: 3 ft (August 1963 HABS observation; match with 1904 phase before use); bathroom tile height: 5 ft (August 1963 HABS observation; match with 1904 phase before use); glazed white service brick: 2.25 × 8.25 in (August 1963 HABS observation; match with 1904 phase before use); overall east-west extent: 161 ft 3 in imperial (1963/1965 measured record; assess against target1904); overall east/front north-south extent: 74 ft 0 in imperial (1963/1965 measured record; assess against target1904); wood stair behind service wing: 1955 approximate year added (1963/1965 measured record; assess against target1904); service stalls: None  (1963/1965 measured record; assess against target1904); coachmen/hayloft partitions: None  (1963/1965 measured record; assess against target1904); north chimney top above door datum: 48.62 ft (1963/1965 measured record; assess against target1904); second-floor window soffit above door datum: 24.3 ft (1963/1965 measured record; assess against target1904); sidewalk before door relative to door datum: -0.74 ft (1963/1965 measured record; assess against target1904)",inferred present,core,,unmeasured; footprint and heights require map/plan reconciliation,source-backed identification; 1904 existence inferred from lifespan unless otherwise stated,"[""B-marker_survivors"", ""civic-bluebook-1904"", ""G01"", ""G02"", ""G04"", ""G07"", ""MAP-1911-28"", ""pa-glessner-habs-data"", ""pa-glessner-habs-sheet-2"", ""pa-glessner-habs-sheet-3"", ""pa-glessner-habs-sheet-6""]",1887,,inferred present,"[{""type"": ""construction"", ""date_text"": ""1887"", ""source_ids"": [""B-marker_survivors"", ""civic-bluebook-1904"", ""G01"", ""G02"", ""G04"", ""G07"", ""MAP-1911-28""], ""confidence"": ""reported; preserve ranges/conflicts""}]","[{""address"": 1800, ""street"": ""Prairie Avenue"", ""year_label"": 1904, ""source_id"": ""civic-bluebook-1904"", ""source_locator"": ""printed pp.186–187; PDF pp.188–189"", ""listed_people"": ""John J. Glessner household"", ""verification"": ""OCR-derived factual candidate; visual source-page check pending"", ""limits"": ""Selected names only; does not establish complete household, ownership, vacancy or building geometry.""}]",False,"[{""source_file"": ""glessner-habs-data.pdf"", ""pdf_page"": 22, ""address"": ""1800 S. Prairie Avenue"", ""property"": ""granite facing thickness"", ""value"": ""6 and 8"", ""unit"": ""in"", ""note"": ""Brick backing; Wellesley granite facing with deeper returns."", ""temporal_qualification"": ""August 1963 HABS observation; match with 1904 phase before use"", ""source_id"": ""pa-glessner-habs-data""}, {""source_file"": ""glessner-habs-data.pdf"", ""pdf_page"": 22, ""address"": ""1800 S. Prairie Avenue"", ""property"": ""roof tile module"", ""value"": ""6 wide; 5 exposed"", ""unit"": ""in"", ""note"": ""Survey describes tar-covered terracotta; reconcile restoration and original specifications."", ""temporal_qualification"": ""August 1963 HABS observation; match with 1904 phase before use"", ""source_id"": ""pa-glessner-habs-data""}, {""source_file"": ""glessner-habs-data.pdf"", ""pdf_page"": 23, ""address"": ""1800 S. Prairie Avenue"", ""property"": ""principal oak floor strip width"", ""value"": 2.25, ""unit"": ""in"", ""note"": ""1963 architectural description."", ""temporal_qualification"": ""August 1963 HABS observation; match with 1904 phase before use"", ""source_id"": ""pa-glessner-habs-data""}, {""source_file"": ""glessner-habs-data.pdf"", ""pdf_page"": 23, ""address"": ""1800 S. Prairie Avenue"", ""property"": ""bathroom and service-floor tile module"", ""value"": 6, ""unit"": ""in square"", ""note"": ""Service floors alternate red/tan; bathrooms separately described."", ""temporal_qualification"": ""August 1963 HABS observation; match with 1904 phase before use"", ""source_id"": ""pa-glessner-habs-data""}, {""source_file"": ""glessner-habs-data.pdf"", ""pdf_page"": 23, ""address"": ""1800 S. Prairie Avenue"", ""property"": ""corridor wainscot height"", ""value"": 3, ""unit"": ""ft"", ""note"": ""Tower and wing corridors."", ""temporal_qualification"": ""August 1963 HABS observation; match with 1904 phase before use"", ""source_id"": ""pa-glessner-habs-data""}, {""source_file"": ""glessner-habs-data.pdf"", ""pdf_page"": 23, ""address"": ""1800 S. Prairie Avenue"", ""property"": ""bathroom tile height"", ""value"": 5, ""unit"": ""ft"", ""note"": ""Six-inch square wall tiles."", ""temporal_qualification"": ""August 1963 HABS observation; match with 1904 phase before use"", ""source_id"": ""pa-glessner-habs-data""}, {""source_file"": ""glessner-habs-data.pdf"", ""pdf_page"": 23, ""address"": ""1800 S. Prairie Avenue"", ""property"": ""glazed white service brick"", ""value"": ""2.25 × 8.25"", ""unit"": ""in"", ""note"": ""Black joints 1/8 in; kitchen/pantries/laundry/stable/harness spaces."", ""temporal_qualification"": ""August 1963 HABS observation; match with 1904 phase before use"", ""source_id"": ""pa-glessner-habs-data""}, {""source_file"": ""glessner-habs-sheet-2.tif"", ""address"": ""1800 S. Prairie Avenue"", ""property"": ""overall east-west extent"", ""value"": ""161 ft 3 in"", ""unit"": ""imperial"", ""note"": ""Read dimension annotation along 18th Street edge; first-floor plan, 1963."", ""temporal_qualification"": ""1963/1965 measured record; assess against target1904"", ""source_id"": ""pa-glessner-habs-sheet-2""}, {""source_file"": ""glessner-habs-sheet-2.tif"", ""address"": ""1800 S. Prairie Avenue"", ""property"": ""overall east/front north-south extent"", ""value"": ""74 ft 0 in"", ""unit"": ""imperial"", ""note"": ""Read dimension annotation at Prairie Avenue frontage; 1963."", ""temporal_qualification"": ""1963/1965 measured record; assess against target1904"", ""source_id"": ""pa-glessner-habs-sheet-2""}, {""source_file"": ""glessner-habs-sheet-2.tif"", ""address"": ""1800 S. Prairie Avenue"", ""property"": ""wood stair behind service wing"", ""value"": 1955, ""unit"": ""approximate year added"", ""note"": ""Sheet explicitly notes circa1955; EXCLUDE this stair from 1904."", ""temporal_qualification"": ""1963/1965 measured record; assess against target1904"", ""source_id"": ""pa-glessner-habs-sheet-2""}, {""source_file"": ""glessner-habs-sheet-2.tif"", ""address"": ""1800 S. Prairie Avenue"", ""property"": ""service stalls"", ""value"": null, ""unit"": null, ""note"": ""Dotted lines are PROBABLE stall partitions based on early drawings, not surveyed extant partitions."", ""temporal_qualification"": ""1963/1965 measured record; assess against target1904"", ""source_id"": ""pa-glessner-habs-sheet-2""}, {""source_file"": ""glessner-habs-sheet-3.tif"", ""address"": ""1800 S. Prairie Avenue"", ""property"": ""coachmen/hayloft partitions"", ""value"": null, ""unit"": null, ""note"": ""Dotted lines reconstruct probable separation from early drawings; retain inference status."", ""temporal_qualification"": ""1963/1965 measured record; assess against target1904"", ""source_id"": ""pa-glessner-habs-sheet-3""}, {""source_file"": ""glessner-habs-sheet-6.tif"", ""address"": ""1800 S. Prairie Avenue"", ""property"": ""north chimney top above door datum"", ""value"": 48.62, ""unit"": ""ft"", ""note"": ""Annotation 48.62 ±0.02. April6 1965 photogrammetry; door datum0.00."", ""temporal_qualification"": ""1963/1965 measured record; assess against target1904"", ""source_id"": ""pa-glessner-habs-sheet-6""}, {""source_file"": ""glessner-habs-sheet-6.tif"", ""address"": ""1800 S. Prairie Avenue"", ""property"": ""second-floor window soffit above door datum"", ""value"": 24.3, ""unit"": ""ft"", ""note"": ""Read drawing annotation; April6 1965 photogrammetry."", ""temporal_qualification"": ""1963/1965 measured record; assess against target1904"", ""source_id"": ""pa-glessner-habs-sheet-6""}, {""source_file"": ""glessner-habs-sheet-6.tif"", ""address"": ""1800 S. Prairie Avenue"", ""property"": ""sidewalk before door relative to door datum"", ""value"": -0.74, ""unit"": ""ft"", ""note"": ""Read drawing annotation; do not conflate with Chicago City Datum."", ""temporal_qualification"": ""1963/1965 measured record; assess against target1904"", ""source_id"": ""pa-glessner-habs-sheet-6""}]"
pa-1801-23,1801 S. Prairie Avenue,William W. Kimball residence,1890–1892,,Solon S. Beman,"Marker dates 1890; museum article explains completion in 1892 after two-year construction. | 1904 Blue Book candidate: W. W. Kimball household. OCR-derived, selected names only; page verification pending. | Dimensional evidence: height form: 2.5 stories above raised basement (1967 survey observation); roof and exterior finishes: None  (1967 survey observation; verify 1904 finish evidence); rear cellar tile: 3 × 6 in (1967 observed finish; original date not established); parlor wainscot line: 4.5 ft approx (1967 survey observation); north sidewalk slab: 4 ft square approx (1967 survey observation; not automatically 1904); iron fence height: 6 ft (1967 survey observation; do not use later chain-link parking enclosure in 1904)",inferred present,core,,unmeasured; footprint and heights require map/plan reconciliation,source-backed identification; 1904 existence inferred from lifespan unless otherwise stated,"[""B-marker_survivors"", ""B-kimball"", ""civic-bluebook-1904"", ""pa-kimball-habs-il1077""]",,,inferred present,"[{""type"": ""construction"", ""date_text"": ""1890–1892"", ""source_ids"": [""B-marker_survivors"", ""B-kimball"", ""civic-bluebook-1904""], ""confidence"": ""reported; preserve ranges/conflicts""}]","[{""address"": 1801, ""street"": ""Prairie Avenue"", ""year_label"": 1904, ""source_id"": ""civic-bluebook-1904"", ""source_locator"": ""printed pp.186–187; PDF pp.188–189"", ""listed_people"": ""W. W. Kimball household"", ""verification"": ""OCR-derived factual candidate; visual source-page check pending"", ""limits"": ""Selected names only; does not establish complete household, ownership, vacancy or building geometry.""}]",False,"[{""source_file"": ""kimball-habs-data.pdf"", ""pdf_page"": 2, ""address"": ""1801 S. Prairie Avenue"", ""property"": ""height form"", ""value"": 2.5, ""unit"": ""stories above raised basement"", ""note"": ""L-shaped with attached carriage house; Bedford stone, wood frame floors/roof."", ""temporal_qualification"": ""1967 survey observation"", ""source_id"": ""pa-kimball-habs-il1077""}, {""source_file"": ""kimball-habs-data.pdf"", ""pdf_page"": 3, ""address"": ""1801 S. Prairie Avenue"", ""property"": ""roof and exterior finishes"", ""value"": null, ""unit"": null, ""note"": ""Black slate, copper ridges and finials, black wood sash."", ""temporal_qualification"": ""1967 survey observation; verify 1904 finish evidence"", ""source_id"": ""pa-kimball-habs-il1077""}, {""source_file"": ""kimball-habs-data.pdf"", ""pdf_page"": 4, ""address"": ""1801 S. Prairie Avenue"", ""property"": ""rear cellar tile"", ""value"": ""3 × 6"", ""unit"": ""in"", ""note"": ""Unglazed red tile."", ""temporal_qualification"": ""1967 observed finish; original date not established"", ""source_id"": ""pa-kimball-habs-il1077""}, {""source_file"": ""kimball-habs-data.pdf"", ""pdf_page"": 4, ""address"": ""1801 S. Prairie Avenue"", ""property"": ""parlor wainscot line"", ""value"": 4.5, ""unit"": ""ft approx"", ""note"": ""Bookcases and mantel continue at this height."", ""temporal_qualification"": ""1967 survey observation"", ""source_id"": ""pa-kimball-habs-il1077""}, {""source_file"": ""kimball-habs-data.pdf"", ""pdf_page"": 5, ""address"": ""1801 S. Prairie Avenue"", ""property"": ""north sidewalk slab"", ""value"": 4, ""unit"": ""ft square approx"", ""note"": ""Limestone blocks."", ""temporal_qualification"": ""1967 survey observation; not automatically 1904"", ""source_id"": ""pa-kimball-habs-il1077""}, {""source_file"": ""kimball-habs-data.pdf"", ""pdf_page"": 5, ""address"": ""1801 S. Prairie Avenue"", ""property"": ""iron fence height"", ""value"": 6, ""unit"": ""ft"", ""note"": ""Fence dips at curved front balcony."", ""temporal_qualification"": ""1967 survey observation; do not use later chain-link parking enclosure in 1904"", ""source_id"": ""pa-kimball-habs-il1077""}]"
pa-1811-24,1811 S. Prairie Avenue,Joseph G. Coleman / Ames residence,1886,,Cobb & Frost,Brown sandstone; Romanesque.,inferred present,core,,unmeasured; footprint and heights require map/plan reconciliation,source-backed identification; 1904 existence inferred from lifespan unless otherwise stated,"[""B-marker_survivors""]",1886,,inferred present,"[{""type"": ""construction"", ""date_text"": ""1886"", ""source_ids"": [""B-marker_survivors""], ""confidence"": ""reported; preserve ranges/conflicts""}]",[],False,[]
pa-1900-25,1900 S. Prairie Avenue,Elbridge G. Keith residence,1870,,John W. Roberts,"Second Empire. | 1904 Blue Book candidate: Elbridge G. Keith household. OCR-derived, selected names only; page verification pending.",inferred present,core,,unmeasured; footprint and heights require map/plan reconciliation,source-backed identification; 1904 existence inferred from lifespan unless otherwise stated,"[""B-marker_survivors"", ""civic-bluebook-1904""]",1870,,inferred present,"[{""type"": ""construction"", ""date_text"": ""1870"", ""source_ids"": [""B-marker_survivors"", ""civic-bluebook-1904""], ""confidence"": ""reported; preserve ranges/conflicts""}]","[{""address"": 1900, ""street"": ""Prairie Avenue"", ""year_label"": 1904, ""source_id"": ""civic-bluebook-1904"", ""source_locator"": ""printed pp.186–187; PDF pp.188–189"", ""listed_people"": ""Elbridge G. Keith household"", ""verification"": ""OCR-derived factual candidate; visual source-page check pending"", ""limits"": ""Selected names only; does not establish complete household, ownership, vacancy or building geometry.""}]",False,[]
pa-1919-26,1919 S. Prairie Avenue,William Murray / Charles Schwartz / Marshall Field Jr. residence,1867 (marker); 1883 Beman commission (museum research),,Solon S. Beman; D. H. Burnham & Co. addition,"1902 enlargement; 20-foot land strip from Field Sr.; construction phases need adjudication. | 1904 Blue Book candidate: Marshall Field Jr. household. OCR-derived, selected names only; page verification pending.",inferred present,core,,unmeasured; footprint and heights require map/plan reconciliation,source-backed identification; 1904 existence inferred from lifespan unless otherwise stated,"[""B-marker_survivors"", ""B-news"", ""civic-bluebook-1904""]",,,inferred present,"[{""type"": ""construction"", ""date_text"": ""1867 (marker); 1883 Beman commission (museum research)"", ""source_ids"": [""B-marker_survivors"", ""B-news"", ""civic-bluebook-1904""], ""confidence"": ""reported; preserve ranges/conflicts""}]","[{""address"": 1919, ""street"": ""Prairie Avenue"", ""year_label"": 1904, ""source_id"": ""civic-bluebook-1904"", ""source_locator"": ""printed pp.186–187; PDF pp.188–189"", ""listed_people"": ""Marshall Field Jr. household"", ""verification"": ""OCR-derived factual candidate; visual source-page check pending"", ""limits"": ""Selected names only; does not establish complete household, ownership, vacancy or building geometry.""}]",False,[]
pa-213–217-e.-cullerton-street-27,213–217 E. Cullerton Street,Three surviving rowhouses,circa 1870–1900,,,"Aggregate inventory record; split to 213, 215, 217 after parcel map review.",inferred present,adjacent,,unmeasured; footprint and heights require map/plan reconciliation,source-backed identification; 1904 existence inferred from lifespan unless otherwise stated,"[""B-marker_survivors""]",,,inferred present,"[{""type"": ""construction"", ""date_text"": ""circa 1870–1900"", ""source_ids"": [""B-marker_survivors""], ""confidence"": ""reported; preserve ranges/conflicts""}]",[],False,[]
pa-1827-s.-indiana-avenue-(modern-location)-28,1827 S. Indiana Avenue (modern location),Henry B. Clarke residence,1836,,,"Moved to Wabash in 1872, here in 1977. EXCLUDE from 1904 neighborhood scene.",absent from this site in 1904,anachronism guard,,unmeasured; footprint and heights require map/plan reconciliation,source-backed identification; 1904 existence inferred from lifespan unless otherwise stated,"[""B-marker_survivors""]",1836,,absent from this site in 1904,"[{""type"": ""construction"", ""date_text"": ""1836"", ""source_ids"": [""B-marker_survivors""], ""confidence"": ""reported; preserve ranges/conflicts""}]",[],True,[]
pa-2013-29,2013 S. Prairie Avenue,William H. Reid residence,1894,,"Beers, Clay & Dutton","Replaced earlier house on same parcel. Nomination PDF is acquisition lead. | 1904 Blue Book candidate: William H. Reid household. OCR-derived, selected names only; page verification pending. | Dimensional evidence: lot and facade width: 25 ft (2003 nomination observation; likely original envelope, confirm against 1904 map); height form: 3 stories above raised basement (2003 observation); stair wall panel height: 7 ft approx (2003 observation); music-room dome diameter: 7 ft approx (2003 observation); main and second floor ceiling: 10 ft (2003 observation); ballroom ceiling: 12 ft (2003 observation); main girder span: 25 ft (Nomination cites Carl Condit; verify original structural drawings); plans: 4 floor diagrams (Nomination-era plan; scale/dimensions must be inspected before metric extraction)",inferred present,core,,unmeasured; footprint and heights require map/plan reconciliation,source-backed identification; 1904 existence inferred from lifespan unless otherwise stated,"[""B-marker_outside"", ""civic-bluebook-1904"", ""pa-reid-nrhp-2003""]",1894,,inferred present,"[{""type"": ""construction"", ""date_text"": ""1894"", ""source_ids"": [""B-marker_outside"", ""civic-bluebook-1904""], ""confidence"": ""reported; preserve ranges/conflicts""}]","[{""address"": 2013, ""street"": ""Prairie Avenue"", ""year_label"": 1904, ""source_id"": ""civic-bluebook-1904"", ""source_locator"": ""printed pp.186–187; PDF pp.188–189"", ""listed_people"": ""William H. Reid household"", ""verification"": ""OCR-derived factual candidate; visual source-page check pending"", ""limits"": ""Selected names only; does not establish complete household, ownership, vacancy or building geometry.""}]",False,"[{""source_file"": ""reid-nrhp-2003.pdf"", ""pdf_page"": 4, ""address"": ""2013 S. Prairie Avenue"", ""property"": ""lot and facade width"", ""value"": 25, ""unit"": ""ft"", ""note"": ""House spans full lot width."", ""temporal_qualification"": ""2003 nomination observation; likely original envelope, confirm against 1904 map"", ""source_id"": ""pa-reid-nrhp-2003""}, {""source_file"": ""reid-nrhp-2003.pdf"", ""pdf_page"": 4, ""address"": ""2013 S. Prairie Avenue"", ""property"": ""height form"", ""value"": 3, ""unit"": ""stories above raised basement"", ""note"": ""Three bays; granite basement, cream textured brick, limestone and terra cotta details."", ""temporal_qualification"": ""2003 observation"", ""source_id"": ""pa-reid-nrhp-2003""}, {""source_file"": ""reid-nrhp-2003.pdf"", ""pdf_page"": 5, ""address"": ""2013 S. Prairie Avenue"", ""property"": ""stair wall panel height"", ""value"": 7, ""unit"": ""ft approx"", ""note"": ""Mahogany panels."", ""temporal_qualification"": ""2003 observation"", ""source_id"": ""pa-reid-nrhp-2003""}, {""source_file"": ""reid-nrhp-2003.pdf"", ""pdf_page"": 6, ""address"": ""2013 S. Prairie Avenue"", ""property"": ""music-room dome diameter"", ""value"": 7, ""unit"": ""ft approx"", ""note"": ""Stained glass dome."", ""temporal_qualification"": ""2003 observation"", ""source_id"": ""pa-reid-nrhp-2003""}, {""source_file"": ""reid-nrhp-2003.pdf"", ""pdf_page"": 8, ""address"": ""2013 S. Prairie Avenue"", ""property"": ""main and second floor ceiling"", ""value"": 10, ""unit"": ""ft"", ""note"": ""Third-floor ballroom ceiling 12 ft."", ""temporal_qualification"": ""2003 observation"", ""source_id"": ""pa-reid-nrhp-2003""}, {""source_file"": ""reid-nrhp-2003.pdf"", ""pdf_page"": 8, ""address"": ""2013 S. Prairie Avenue"", ""property"": ""ballroom ceiling"", ""value"": 12, ""unit"": ""ft"", ""note"": ""Picture molding at 9 ft."", ""temporal_qualification"": ""2003 observation"", ""source_id"": ""pa-reid-nrhp-2003""}, {""source_file"": ""reid-nrhp-2003.pdf"", ""pdf_page"": 23, ""address"": ""2013 S. Prairie Avenue"", ""property"": ""main girder span"", ""value"": 25, ""unit"": ""ft"", ""note"": ""Steel frame; reinforced concrete floor construction described."", ""temporal_qualification"": ""Nomination cites Carl Condit; verify original structural drawings"", ""source_id"": ""pa-reid-nrhp-2003""}, {""source_file"": ""reid-nrhp-2003.pdf"", ""pdf_page"": 32, ""address"": ""2013 S. Prairie Avenue"", ""property"": ""plans"", ""value"": 4, ""unit"": ""floor diagrams"", ""note"": ""Ground, first, second, third; carriage house and rear garden shown."", ""temporal_qualification"": ""Nomination-era plan; scale/dimensions must be inspected before metric extraction"", ""source_id"": ""pa-reid-nrhp-2003""}]"
pa-2110-30,2110 S. Prairie Avenue,Harriet P. Rees residence,1888 (marker); 1887 (Reid nomination lead),,Cobb & Frost,"Historical address; do not use relocated modern site for 1904. Date discrepancy requires Rees nomination. | 1904 Blue Book candidate: Edson Keith Jr. household. OCR-derived, selected names only; page verification pending.",inferred present,core,,unmeasured; footprint and heights require map/plan reconciliation,source-backed identification; 1904 existence inferred from lifespan unless otherwise stated,"[""B-marker_outside"", ""B-reid_nom"", ""civic-bluebook-1904""]",,,inferred present,"[{""type"": ""construction"", ""date_text"": ""1888 (marker); 1887 (Reid nomination lead)"", ""source_ids"": [""B-marker_outside"", ""B-reid_nom"", ""civic-bluebook-1904""], ""confidence"": ""reported; preserve ranges/conflicts""}]","[{""address"": 2110, ""street"": ""Prairie Avenue"", ""year_label"": 1904, ""source_id"": ""civic-bluebook-1904"", ""source_locator"": ""printed pp.186–187; PDF pp.188–189"", ""listed_people"": ""Edson Keith Jr. household"", ""verification"": ""OCR-derived factual candidate; visual source-page check pending"", ""limits"": ""Selected names only; does not establish complete household, ownership, vacancy or building geometry.""}]",False,[]
pa-2018-s.-calumet-avenue-31,2018 S. Calumet Avenue,Calvin T. Wheeler / Joseph A. Kohn residence,1870,,Otis L. Wheelock,"1880s copper bay alteration. | Dimensional evidence: third-floor ceiling: 11 ft (1999 observation); basement ceiling: 10 ft (1999 observation); historic chimneys: 4 count (Historic/modern distinction stated by nomination; phase-date missing); plan: 1 sheet (Nomination-era surveyed layout, includes later fire stair)",inferred present,adjacent,,unmeasured; footprint and heights require map/plan reconciliation,source-backed identification; 1904 existence inferred from lifespan unless otherwise stated,"[""B-marker_outside"", ""pa-wheeler-kohn-nrhp-1999""]",1870,,inferred present,"[{""type"": ""construction"", ""date_text"": ""1870"", ""source_ids"": [""B-marker_outside""], ""confidence"": ""reported; preserve ranges/conflicts""}]",[],False,"[{""source_file"": ""wheeler-kohn-nrhp-1999.pdf"", ""pdf_page"": 10, ""address"": ""2018 S. Calumet Avenue"", ""property"": ""third-floor ceiling"", ""value"": 11, ""unit"": ""ft"", ""note"": ""Mansard floor has smaller rooms than second floor."", ""temporal_qualification"": ""1999 observation"", ""source_id"": ""pa-wheeler-kohn-nrhp-1999""}, {""source_file"": ""wheeler-kohn-nrhp-1999.pdf"", ""pdf_page"": 10, ""address"": ""2018 S. Calumet Avenue"", ""property"": ""basement ceiling"", ""value"": 10, ""unit"": ""ft"", ""note"": ""Kitchen and servants quarters identified."", ""temporal_qualification"": ""1999 observation"", ""source_id"": ""pa-wheeler-kohn-nrhp-1999""}, {""source_file"": ""wheeler-kohn-nrhp-1999.pdf"", ""pdf_page"": 6, ""address"": ""2018 S. Calumet Avenue"", ""property"": ""historic chimneys"", ""value"": 4, ""unit"": ""count"", ""note"": ""Only two survived at nomination."", ""temporal_qualification"": ""Historic/modern distinction stated by nomination; phase-date missing"", ""source_id"": ""pa-wheeler-kohn-nrhp-1999""}, {""source_file"": ""wheeler-kohn-nrhp-1999.pdf"", ""pdf_page"": 22, ""address"": ""2018 S. Calumet Avenue"", ""property"": ""plan"", ""value"": 1, ""unit"": ""sheet"", ""note"": ""Includes two parlors, vestibule, porch, dining room, hall and pantry."", ""temporal_qualification"": ""Nomination-era surveyed layout, includes later fire stair"", ""source_id"": ""pa-wheeler-kohn-nrhp-1999""}]"
pa-1936-s.-michigan-avenue-32,1936 S. Michigan Avenue,Second Presbyterian Church,1872–1874,,James Renwick; interior Howard Van Doren Shaw and Frederic Clay Bartlett,1900 sanctuary fire and subsequent Arts and Crafts rebuilding; 1904 interior must be postfire.,inferred present,adjacent,,unmeasured; footprint and heights require map/plan reconciliation,source-backed identification; 1904 existence inferred from lifespan unless otherwise stated,"[""B-marker_outside""]",,,inferred present,"[{""type"": ""construction"", ""date_text"": ""1872–1874"", ""source_ids"": [""B-marker_outside""], ""confidence"": ""reported; preserve ranges/conflicts""}]",[],False,[]
pa-1816-33,1816 S. Prairie Avenue,Charles M. Henderson residence,,,,"Address/name identification only; exact lifetime and 1904 household unresolved. | 1904 Blue Book candidate: Mrs. Charles M. Henderson. OCR-derived, selected names only; page verification pending.",unresolved,core,,unmeasured; footprint and heights require map/plan reconciliation,source-backed identification; 1904 existence inferred from lifespan unless otherwise stated,"[""B-city1973"", ""civic-bluebook-1904""]",,,unresolved,[],"[{""address"": 1816, ""street"": ""Prairie Avenue"", ""year_label"": 1904, ""source_id"": ""civic-bluebook-1904"", ""source_locator"": ""printed pp.186–187; PDF pp.188–189"", ""listed_people"": ""Mrs. Charles M. Henderson"", ""verification"": ""OCR-derived factual candidate; visual source-page check pending"", ""limits"": ""Selected names only; does not establish complete household, ownership, vacancy or building geometry.""}]",False,[]
pa-1906-34,1906 S. Prairie Avenue,Edson Keith residence,,,,"Address/name identification only; 1904 residents require directory. | 1904 Blue Book candidate: Mrs. Edson Keith. OCR-derived, selected names only; page verification pending.",unresolved,core,,unmeasured; footprint and heights require map/plan reconciliation,source-backed identification; 1904 existence inferred from lifespan unless otherwise stated,"[""B-city1973"", ""civic-bluebook-1904""]",,,unresolved,[],"[{""address"": 1906, ""street"": ""Prairie Avenue"", ""year_label"": 1904, ""source_id"": ""civic-bluebook-1904"", ""source_locator"": ""printed pp.186–187; PDF pp.188–189"", ""listed_people"": ""Mrs. Edson Keith"", ""verification"": ""OCR-derived factual candidate; visual source-page check pending"", ""limits"": ""Selected names only; does not establish complete household, ownership, vacancy or building geometry.""}]",False,[]
pa-1923-35,1923 S. Prairie Avenue,Charles P. Kellogg residence,,1933,,"Construction and target occupancy unresolved. | 1904 Blue Book candidate: Mrs. C. P. Kellogg; Mrs. Lois Kellogg. OCR-derived, selected names only; page verification pending.",unresolved,core,,unmeasured; footprint and heights require map/plan reconciliation,source-backed identification; 1904 existence inferred from lifespan unless otherwise stated,"[""B-news"", ""civic-bluebook-1904""]",,1933,unresolved,"[{""type"": ""loss"", ""date_text"": ""1933"", ""source_ids"": [""B-news"", ""civic-bluebook-1904""], ""confidence"": ""reported; preserve ranges/conflicts""}]","[{""address"": 1923, ""street"": ""Prairie Avenue"", ""year_label"": 1904, ""source_id"": ""civic-bluebook-1904"", ""source_locator"": ""printed pp.186–187; PDF pp.188–189"", ""listed_people"": ""Mrs. C. P. Kellogg; Mrs. Lois Kellogg"", ""verification"": ""OCR-derived factual candidate; visual source-page check pending"", ""limits"": ""Selected names only; does not establish complete household, ownership, vacancy or building geometry.""}]",False,[]
pa-2021-36,2021 S. Prairie Avenue,Benjamin Adams / James L. High residence,late 1870s,,,"High purchase 1886; 16 rooms, 2.5 stories reported. | 1904 Blue Book candidate: Mrs. James L. High household. OCR-derived, selected names only; page verification pending.",inferred present,core,,unmeasured; footprint and heights require map/plan reconciliation,source-backed identification; 1904 existence inferred from lifespan unless otherwise stated,"[""B-city1973"", ""civic-bluebook-1904""]",,,inferred present,"[{""type"": ""construction"", ""date_text"": ""late 1870s"", ""source_ids"": [""B-city1973"", ""civic-bluebook-1904""], ""confidence"": ""reported; preserve ranges/conflicts""}]","[{""address"": 2021, ""street"": ""Prairie Avenue"", ""year_label"": 1904, ""source_id"": ""civic-bluebook-1904"", ""source_locator"": ""printed pp.186–187; PDF pp.188–189"", ""listed_people"": ""Mrs. James L. High household"", ""verification"": ""OCR-derived factual candidate; visual source-page check pending"", ""limits"": ""Selected names only; does not establish complete household, ownership, vacancy or building geometry.""}]",False,[]
pa-2027-37,2027 S. Prairie Avenue,Silas B. Cobb-associated residence,,,,"Historical association only; owner versus daughter’s household must be resolved. | 1904 Blue Book candidate: Mrs. J. J. Borland; Chauncey Blair Borland; Bruce Borland. OCR-derived, selected names only; page verification pending.",unresolved,core,,unmeasured; footprint and heights require map/plan reconciliation,source-backed identification; 1904 existence inferred from lifespan unless otherwise stated,"[""B-city1973"", ""civic-bluebook-1904""]",,,unresolved,[],"[{""address"": 2027, ""street"": ""Prairie Avenue"", ""year_label"": 1904, ""source_id"": ""civic-bluebook-1904"", ""source_locator"": ""printed pp.186–187; PDF pp.188–189"", ""listed_people"": ""Mrs. J. J. Borland; Chauncey Blair Borland; Bruce Borland"", ""verification"": ""OCR-derived factual candidate; visual source-page check pending"", ""limits"": ""Selected names only; does not establish complete household, ownership, vacancy or building geometry.""}]",False,[]
pa-2036-38,2036 S. Prairie Avenue,Ebenezer Buckingham residence,,,,"Address/name identification only. | 1904 Blue Book candidate: E. Buckingham household; Clarence Buckingham. OCR-derived, selected names only; page verification pending.",unresolved,core,,unmeasured; footprint and heights require map/plan reconciliation,source-backed identification; 1904 existence inferred from lifespan unless otherwise stated,"[""B-city1973"", ""civic-bluebook-1904""]",,,unresolved,[],"[{""address"": 2036, ""street"": ""Prairie Avenue"", ""year_label"": 1904, ""source_id"": ""civic-bluebook-1904"", ""source_locator"": ""printed pp.186–187; PDF pp.188–189"", ""listed_people"": ""E. Buckingham household; Clarence Buckingham"", ""verification"": ""OCR-derived factual candidate; visual source-page check pending"", ""limits"": ""Selected names only; does not establish complete household, ownership, vacancy or building geometry.""}]",False,[]
pa-2112-39,2112 S. Prairie Avenue,Max M. Rothschild residence,,1934,,"Construction and target occupants unresolved. | 1904 Blue Book candidate: Mrs. M. M. Rothschild household; Jesse Rothschild. OCR-derived, selected names only; page verification pending.",unresolved,core,,unmeasured; footprint and heights require map/plan reconciliation,source-backed identification; 1904 existence inferred from lifespan unless otherwise stated,"[""B-news"", ""civic-bluebook-1904""]",,1934,unresolved,"[{""type"": ""loss"", ""date_text"": ""1934"", ""source_ids"": [""B-news"", ""civic-bluebook-1904""], ""confidence"": ""reported; preserve ranges/conflicts""}]","[{""address"": 2112, ""street"": ""Prairie Avenue"", ""year_label"": 1904, ""source_id"": ""civic-bluebook-1904"", ""source_locator"": ""printed pp.186–187; PDF pp.188–189"", ""listed_people"": ""Mrs. M. M. Rothschild household; Jesse Rothschild"", ""verification"": ""OCR-derived factual candidate; visual source-page check pending"", ""limits"": ""Selected names only; does not establish complete household, ownership, vacancy or building geometry.""}]",False,[]
pa-2108-40,2108 S. Prairie Avenue,Mark Kimball residence,,1933,,Do not confuse with William Kimball at 1801.,unresolved,core,,unmeasured; footprint and heights require map/plan reconciliation,source-backed identification; 1904 existence inferred from lifespan unless otherwise stated,"[""B-news""]",,1933,unresolved,"[{""type"": ""loss"", ""date_text"": ""1933"", ""source_ids"": [""B-news""], ""confidence"": ""reported; preserve ranges/conflicts""}]",[],False,[]
pa-2109-41,2109 S. Prairie Avenue,Robert Roloson residence,,1933,,"Construction and target occupants unresolved. | 1904 Blue Book candidate: Robert W. Roloson. OCR-derived, selected names only; page verification pending.",unresolved,core,,unmeasured; footprint and heights require map/plan reconciliation,source-backed identification; 1904 existence inferred from lifespan unless otherwise stated,"[""B-news"", ""civic-bluebook-1904""]",,1933,unresolved,"[{""type"": ""loss"", ""date_text"": ""1933"", ""source_ids"": [""B-news"", ""civic-bluebook-1904""], ""confidence"": ""reported; preserve ranges/conflicts""}]","[{""address"": 2109, ""street"": ""Prairie Avenue"", ""year_label"": 1904, ""source_id"": ""civic-bluebook-1904"", ""source_locator"": ""printed pp.186–187; PDF pp.188–189"", ""listed_people"": ""Robert W. Roloson"", ""verification"": ""OCR-derived factual candidate; visual source-page check pending"", ""limits"": ""Selected names only; does not establish complete household, ownership, vacancy or building geometry.""}]",False,[]
pa-2130-42,2130 S. Prairie Avenue,Thomas Murdoch residence,,1933,,Construction and target occupants unresolved.,unresolved,core,,unmeasured; footprint and heights require map/plan reconciliation,source-backed identification; 1904 existence inferred from lifespan unless otherwise stated,"[""B-news""]",,1933,unresolved,"[{""type"": ""loss"", ""date_text"": ""1933"", ""source_ids"": [""B-news""], ""confidence"": ""reported; preserve ranges/conflicts""}]",[],False,[]
pa-1702-43,1702 S. Prairie Avenue,John Nichols Staples / Turlington W. Harvey residence,1853,1899,,1880 remodeling. Replaced by Glessner children’s townhouses; exclude old house in 1904.,demolished before 1904,core,,unmeasured; footprint and heights require map/plan reconciliation,source-backed identification; 1904 existence inferred from lifespan unless otherwise stated,"[""B-early2""]",1853,1899,demolished before 1904,"[{""type"": ""construction"", ""date_text"": ""1853"", ""source_ids"": [""B-early2""], ""confidence"": ""reported; preserve ranges/conflicts""}, {""type"": ""loss"", ""date_text"": ""1899"", ""source_ids"": [""B-early2""], ""confidence"": ""reported; preserve ranges/conflicts""}]",[],True,[]
pa-1804–1808-s.-prairie-avenue-(predecessors)-44,1804–1808 S. Prairie Avenue (predecessors),Horatio Hitchcock / A. J. Galloway double houses,circa 1858,1886,,"Replaced by Glessner and O. R. Keith residences; illustrated 1874; exclude in target year. | 1904 Blue Book candidate: Stanley Field household. OCR-derived, selected names only; page verification pending.",demolished before 1904,core,,unmeasured; footprint and heights require map/plan reconciliation,source-backed identification; 1904 existence inferred from lifespan unless otherwise stated,"[""B-early2"", ""civic-bluebook-1904""]",,1886,demolished before 1904,"[{""type"": ""construction"", ""date_text"": ""circa 1858"", ""source_ids"": [""B-early2"", ""civic-bluebook-1904""], ""confidence"": ""reported; preserve ranges/conflicts""}, {""type"": ""loss"", ""date_text"": ""1886"", ""source_ids"": [""B-early2"", ""civic-bluebook-1904""], ""confidence"": ""reported; preserve ranges/conflicts""}]","[{""address"": 1808, ""street"": ""Prairie Avenue"", ""year_label"": 1904, ""source_id"": ""civic-bluebook-1904"", ""source_locator"": ""printed pp.186–187; PDF pp.188–189"", ""listed_people"": ""Stanley Field household"", ""verification"": ""OCR-derived factual candidate; visual source-page check pending"", ""limits"": ""Selected names only; does not establish complete household, ownership, vacancy or building geometry.""}]",True,[]
pa-1637-45,1637 S. Prairie Avenue,Cornelia Grosvenor / Jesse Spalding residence,1862,,,"Major Spalding remodeling obscured initial Italianate design; target phase unresolved. | 1904 Blue Book candidate: William Gold Hibbard Jr. household. OCR-derived, selected names only; page verification pending.",unresolved,core,,unmeasured; footprint and heights require map/plan reconciliation,source-backed identification; 1904 existence inferred from lifespan unless otherwise stated,"[""B-early4"", ""civic-bluebook-1904""]",1862,,unresolved,"[{""type"": ""construction"", ""date_text"": ""1862"", ""source_ids"": [""B-early4"", ""civic-bluebook-1904""], ""confidence"": ""reported; preserve ranges/conflicts""}]","[{""address"": 1637, ""street"": ""Prairie Avenue"", ""year_label"": 1904, ""source_id"": ""civic-bluebook-1904"", ""source_locator"": ""printed pp.186–187; PDF pp.188–189"", ""listed_people"": ""William Gold Hibbard Jr. household"", ""verification"": ""OCR-derived factual candidate; visual source-page check pending"", ""limits"": ""Selected names only; does not establish complete household, ownership, vacancy or building geometry.""}]",False,[]
pa-1709-46,1709 S. Prairie Avenue,Nicholas O. Williams residence,1862,circa 1882,W. W. Boyington,"Superseded by Palmer Kellogg house. | 1904 Blue Book candidate: Jesse Spalding household. OCR-derived, selected names only; page verification pending.",demolished before 1904,core,,unmeasured; footprint and heights require map/plan reconciliation,source-backed identification; 1904 existence inferred from lifespan unless otherwise stated,"[""B-early4"", ""civic-bluebook-1904""]",1862,,demolished before 1904,"[{""type"": ""construction"", ""date_text"": ""1862"", ""source_ids"": [""B-early4"", ""civic-bluebook-1904""], ""confidence"": ""reported; preserve ranges/conflicts""}, {""type"": ""loss"", ""date_text"": ""circa 1882"", ""source_ids"": [""B-early4"", ""civic-bluebook-1904""], ""confidence"": ""reported; preserve ranges/conflicts""}]","[{""address"": 1709, ""street"": ""Prairie Avenue"", ""year_label"": 1904, ""source_id"": ""civic-bluebook-1904"", ""source_locator"": ""printed pp.186–187; PDF pp.188–189"", ""listed_people"": ""Jesse Spalding household"", ""verification"": ""OCR-derived factual candidate; visual source-page check pending"", ""limits"": ""Selected names only; does not establish complete household, ownership, vacancy or building geometry.""}]",True,[]
pa-1709-s.-prairie-avenue-(successor)-47,1709 S. Prairie Avenue (successor),Palmer Kellogg residence,circa 1882,,Burnham & Root,"Replacement of Williams house; demolition unknown. | 1904 Blue Book candidate: Jesse Spalding household. OCR-derived, selected names only; page verification pending.",inferred present,core,,unmeasured; footprint and heights require map/plan reconciliation,source-backed identification; 1904 existence inferred from lifespan unless otherwise stated,"[""B-early4"", ""civic-bluebook-1904""]",,,inferred present,"[{""type"": ""construction"", ""date_text"": ""circa 1882"", ""source_ids"": [""B-early4"", ""civic-bluebook-1904""], ""confidence"": ""reported; preserve ranges/conflicts""}]","[{""address"": 1709, ""street"": ""Prairie Avenue"", ""year_label"": 1904, ""source_id"": ""civic-bluebook-1904"", ""source_locator"": ""printed pp.186–187; PDF pp.188–189"", ""listed_people"": ""Jesse Spalding household"", ""verification"": ""OCR-derived factual candidate; visual source-page check pending"", ""limits"": ""Selected names only; does not establish complete household, ownership, vacancy or building geometry.""}]",False,[]
pa-1635-48,1635 S. Prairie Avenue,Col. Robert Forsyth residence,1863,by early 1900s,,Do not assume present in 1904; requires demolition permit.,uncertain; likely absent,core,,unmeasured; footprint and heights require map/plan reconciliation,source-backed identification; 1904 existence inferred from lifespan unless otherwise stated,"[""B-early4""]",1863,,uncertain; likely absent,"[{""type"": ""construction"", ""date_text"": ""1863"", ""source_ids"": [""B-early4""], ""confidence"": ""reported; preserve ranges/conflicts""}, {""type"": ""loss"", ""date_text"": ""by early 1900s"", ""source_ids"": [""B-early4""], ""confidence"": ""reported; preserve ranges/conflicts""}]",[],False,[]
pa-1736-49,1736 S. Prairie Avenue,Granville S. Ingraham / Hugh McBirney residence,1864,,,"Mansard may be later addition; phase unresolved. | 1904 Blue Book candidate: Hugh McBirney household. OCR-derived, selected names only; page verification pending.",inferred present,core,,unmeasured; footprint and heights require map/plan reconciliation,source-backed identification; 1904 existence inferred from lifespan unless otherwise stated,"[""B-early4"", ""civic-bluebook-1904""]",1864,,inferred present,"[{""type"": ""construction"", ""date_text"": ""1864"", ""source_ids"": [""B-early4"", ""civic-bluebook-1904""], ""confidence"": ""reported; preserve ranges/conflicts""}]","[{""address"": 1736, ""street"": ""Prairie Avenue"", ""year_label"": 1904, ""source_id"": ""civic-bluebook-1904"", ""source_locator"": ""printed pp.186–187; PDF pp.188–189"", ""listed_people"": ""Hugh McBirney household"", ""verification"": ""OCR-derived factual candidate; visual source-page check pending"", ""limits"": ""Selected names only; does not establish complete household, ownership, vacancy or building geometry.""}]",False,[]
pa-1630-50,1630 S. Prairie Avenue,Small early residence; owner unresolved,Civil War era,,,Known to survive into twentieth century; target exact form unknown.,unresolved,core,,unmeasured; footprint and heights require map/plan reconciliation,source-backed identification; 1904 existence inferred from lifespan unless otherwise stated,"[""B-early4""]",,,unresolved,"[{""type"": ""construction"", ""date_text"": ""Civil War era"", ""source_ids"": [""B-early4""], ""confidence"": ""reported; preserve ranges/conflicts""}]",[],False,[]
pa-1726–1728-s.-prairie-avenue-(predecessor)-51,1726–1728 S. Prairie Avenue (predecessor),Early frame double house,Civil War era,1880s,,"Record replacement properties from map; predecessor excluded in target year. | 1904 Blue Book candidate: James R. Walker household. OCR-derived, selected names only; page verification pending.",demolished before 1904,core,,unmeasured; footprint and heights require map/plan reconciliation,source-backed identification; 1904 existence inferred from lifespan unless otherwise stated,"[""B-early4"", ""civic-bluebook-1904""]",,,demolished before 1904,"[{""type"": ""construction"", ""date_text"": ""Civil War era"", ""source_ids"": [""B-early4"", ""civic-bluebook-1904""], ""confidence"": ""reported; preserve ranges/conflicts""}, {""type"": ""loss"", ""date_text"": ""1880s"", ""source_ids"": [""B-early4"", ""civic-bluebook-1904""], ""confidence"": ""reported; preserve ranges/conflicts""}]","[{""address"": 1726, ""street"": ""Prairie Avenue"", ""year_label"": 1904, ""source_id"": ""civic-bluebook-1904"", ""source_locator"": ""printed pp.186–187; PDF pp.188–189"", ""listed_people"": ""James R. Walker household"", ""verification"": ""OCR-derived factual candidate; visual source-page check pending"", ""limits"": ""Selected names only; does not establish complete household, ownership, vacancy or building geometry.""}]",True,[]
pa-1700-52,1700 S. Prairie Avenue,Blewett and Frances Glessner Lee townhouse,"1901 design; occupied March 4, 1902",,"Shepley, Rutan & Coolidge","Mirror of 1706; Georgian Revival; 1904 occupants still require census/directory corroboration. | 1904 Blue Book candidate: Blewett Lee household. OCR-derived, selected names only; page verification pending.",inferred present,core,,unmeasured; footprint and heights require map/plan reconciliation,source-backed identification; 1904 existence inferred from lifespan unless otherwise stated,"[""B-collection"", ""civic-bluebook-1904""]",,,inferred present,"[{""type"": ""construction"", ""date_text"": ""1901 design; occupied March 4, 1902"", ""source_ids"": [""B-collection"", ""civic-bluebook-1904""], ""confidence"": ""reported; preserve ranges/conflicts""}]","[{""address"": 1700, ""street"": ""Prairie Avenue"", ""year_label"": 1904, ""source_id"": ""civic-bluebook-1904"", ""source_locator"": ""printed pp.186–187; PDF pp.188–189"", ""listed_people"": ""Blewett Lee household"", ""verification"": ""OCR-derived factual candidate; visual source-page check pending"", ""limits"": ""Selected names only; does not establish complete household, ownership, vacancy or building geometry.""}]",False,[]
pa-1706-53,1706 S. Prairie Avenue,George and Alice Glessner townhouse,1901 design,,"Shepley, Rutan & Coolidge","Mirror of 1700; Georgian Revival; separate from earlier 1702 Staples building. | 1904 Blue Book candidate: J. G. M. Glessner household. OCR-derived, selected names only; page verification pending.",inferred present,core,,unmeasured; footprint and heights require map/plan reconciliation,source-backed identification; 1904 existence inferred from lifespan unless otherwise stated,"[""B-collection"", ""civic-bluebook-1904""]",,,inferred present,"[{""type"": ""construction"", ""date_text"": ""1901 design"", ""source_ids"": [""B-collection"", ""civic-bluebook-1904""], ""confidence"": ""reported; preserve ranges/conflicts""}]","[{""address"": 1706, ""street"": ""Prairie Avenue"", ""year_label"": 1904, ""source_id"": ""civic-bluebook-1904"", ""source_locator"": ""printed pp.186–187; PDF pp.188–189"", ""listed_people"": ""J. G. M. Glessner household"", ""verification"": ""OCR-derived factual candidate; visual source-page check pending"", ""limits"": ""Selected names only; does not establish complete household, ownership, vacancy or building geometry.""}]",False,[]
pa-1708-54,1708 S. Prairie Avenue,James and Narcissa Thorne residence,,,,"1911 address attestation only; do not project occupancy to 1904. | 1904 Blue Book candidate: A. A. Carpenter Jr. household. OCR-derived, selected names only; page verification pending.",unresolved,core,,unmeasured; footprint and heights require map/plan reconciliation,source-backed identification; 1904 existence inferred from lifespan unless otherwise stated,"[""B-christmas"", ""civic-bluebook-1904""]",,,unresolved,[],"[{""address"": 1708, ""street"": ""Prairie Avenue"", ""year_label"": 1904, ""source_id"": ""civic-bluebook-1904"", ""source_locator"": ""printed pp.186–187; PDF pp.188–189"", ""listed_people"": ""A. A. Carpenter Jr. household"", ""verification"": ""OCR-derived factual candidate; visual source-page check pending"", ""limits"": ""Selected names only; does not establish complete household, ownership, vacancy or building geometry.""}]",False,[]
pa-1720-55,1720 S. Prairie Avenue,John Tyrrell / James Walker residence,1868,1910,Otis L. Wheelock,"Tyrrell sold 1878; encyclopedia marks 1910 loss. Italianate frame. | 1904 Blue Book candidate: Mrs. James M. Walker. OCR-derived, selected names only; page verification pending.",inferred present,core,,unmeasured; footprint and heights require map/plan reconciliation,source-backed identification; 1904 existence inferred from lifespan unless otherwise stated,"[""B-burley"", ""B-worlds"", ""civic-bluebook-1904""]",1868,1910,inferred present,"[{""type"": ""construction"", ""date_text"": ""1868"", ""source_ids"": [""B-burley"", ""B-worlds"", ""civic-bluebook-1904""], ""confidence"": ""reported; preserve ranges/conflicts""}, {""type"": ""loss"", ""date_text"": ""1910"", ""source_ids"": [""B-burley"", ""B-worlds"", ""civic-bluebook-1904""], ""confidence"": ""reported; preserve ranges/conflicts""}]","[{""address"": 1720, ""street"": ""Prairie Avenue"", ""year_label"": 1904, ""source_id"": ""civic-bluebook-1904"", ""source_locator"": ""printed pp.186–187; PDF pp.188–189"", ""listed_people"": ""Mrs. James M. Walker"", ""verification"": ""OCR-derived factual candidate; visual source-page check pending"", ""limits"": ""Selected names only; does not establish complete household, ownership, vacancy or building geometry.""}]",False,[]
pa-2008-s.-calumet-avenue-56,2008 S. Calumet Avenue,Philander C. Hanford residence,1883,1953,Henry S. Jaffray; interiors Isaac Scott,Brownstone; double basement; museum holds salvaged pieces. Excavation photographs from 2001 useful for footprint.,inferred present,adjacent,,unmeasured; footprint and heights require map/plan reconciliation,source-backed identification; 1904 existence inferred from lifespan unless otherwise stated,"[""B-hanford""]",1883,1953,inferred present,"[{""type"": ""construction"", ""date_text"": ""1883"", ""source_ids"": [""B-hanford""], ""confidence"": ""reported; preserve ranges/conflicts""}, {""type"": ""loss"", ""date_text"": ""1953"", ""source_ids"": [""B-hanford""], ""confidence"": ""reported; preserve ranges/conflicts""}]",[],False,[]
pa-2031-nrhp,2031 S. Prairie Avenue,Townhouse; historic owner unresolved,1869,,,"Nomination PDF p13 identifies trio at 2031–2035, 25-foot lots and Lemont limestone fronts. Exact 1904 survival/occupants require map and directory. | 1904 Blue Book candidate: Samuel A. Tolman household. OCR-derived, selected names only; page verification pending. | Dimensional evidence: rowhouse lot width: 25 ft (Historic synthesis; construction claim needs period confirmation)",unresolved,core,,25-foot lot width from nomination; footprint and height unmeasured,source-backed historical identification; target-year existence unverified,"[""B-reid_nom_acquired"", ""civic-bluebook-1904"", ""pa-reid-nrhp-2003""]",1869,,unresolved,"[{""type"": ""construction"", ""date_text"": ""1869"", ""source_ids"": [""B-reid_nom_acquired"", ""civic-bluebook-1904""], ""confidence"": ""reported; preserve ranges/conflicts""}]","[{""address"": 2031, ""street"": ""Prairie Avenue"", ""year_label"": 1904, ""source_id"": ""civic-bluebook-1904"", ""source_locator"": ""printed pp.186–187; PDF pp.188–189"", ""listed_people"": ""Samuel A. Tolman household"", ""verification"": ""OCR-derived factual candidate; visual source-page check pending"", ""limits"": ""Selected names only; does not establish complete household, ownership, vacancy or building geometry.""}]",False,"[{""source_file"": ""reid-nrhp-2003.pdf"", ""pdf_page"": 13, ""address"": ""2031–2035 S. Prairie Avenue"", ""property"": ""rowhouse lot width"", ""value"": 25, ""unit"": ""ft"", ""note"": ""Three townhouses dated 1869 with Lemont limestone fronts."", ""temporal_qualification"": ""Historic synthesis; construction claim needs period confirmation"", ""source_id"": ""pa-reid-nrhp-2003""}]"
pa-2033-nrhp,2033 S. Prairie Avenue,Townhouse; historic owner unresolved,1869,,,"Nomination PDF p13 identifies trio at 2031–2035, 25-foot lots and Lemont limestone fronts. Exact 1904 survival/occupants require map and directory. | 1904 Blue Book candidate: F. R. Otis household; Charles T. Otis; Lucius J. Otis. OCR-derived, selected names only; page verification pending.",unresolved,core,,25-foot lot width from nomination; footprint and height unmeasured,source-backed historical identification; target-year existence unverified,"[""B-reid_nom_acquired"", ""civic-bluebook-1904""]",1869,,unresolved,"[{""type"": ""construction"", ""date_text"": ""1869"", ""source_ids"": [""B-reid_nom_acquired"", ""civic-bluebook-1904""], ""confidence"": ""reported; preserve ranges/conflicts""}]","[{""address"": 2033, ""street"": ""Prairie Avenue"", ""year_label"": 1904, ""source_id"": ""civic-bluebook-1904"", ""source_locator"": ""printed pp.186–187; PDF pp.188–189"", ""listed_people"": ""F. R. Otis household; Charles T. Otis; Lucius J. Otis"", ""verification"": ""OCR-derived factual candidate; visual source-page check pending"", ""limits"": ""Selected names only; does not establish complete household, ownership, vacancy or building geometry.""}]",False,[]
pa-2035-nrhp,2035 S. Prairie Avenue,Townhouse; historic owner unresolved,1869,,,"Nomination PDF p13 identifies trio at 2031–2035, 25-foot lots and Lemont limestone fronts. Exact 1904 survival/occupants require map and directory. | 1904 Blue Book candidate: Mrs. H. O. Stone. OCR-derived, selected names only; page verification pending.",unresolved,core,,25-foot lot width from nomination; footprint and height unmeasured,source-backed historical identification; target-year existence unverified,"[""B-reid_nom_acquired"", ""civic-bluebook-1904""]",1869,,unresolved,"[{""type"": ""construction"", ""date_text"": ""1869"", ""source_ids"": [""B-reid_nom_acquired"", ""civic-bluebook-1904""], ""confidence"": ""reported; preserve ranges/conflicts""}]","[{""address"": 2035, ""street"": ""Prairie Avenue"", ""year_label"": 1904, ""source_id"": ""civic-bluebook-1904"", ""source_locator"": ""printed pp.186–187; PDF pp.188–189"", ""listed_people"": ""Mrs. H. O. Stone"", ""verification"": ""OCR-derived factual candidate; visual source-page check pending"", ""limits"": ""Selected names only; does not establish complete household, ownership, vacancy or building geometry.""}]",False,[]
pa-1609-1904-correction,1609 S. Prairie Avenue,1609 Prairie · house restored for 1904,By 1886; exact date unresolved,After 1904 and by 1911,,Owner and elevations unresolved; do not use 1911 replacement/empty lot. Basic footprint evidence only.,,core,,,,"[""TYRE-20260923"", ""MAP-1886""]",,,present per supplied expert guidance,"[{""type"": ""loss"", ""date_text"": ""1905–1911 interval; precise year not established"", ""source_ids"": [""TYRE-20260923""]}]",,False,[]
pa-1611-1904-correction,1611 S. Prairie Avenue,1611 Prairie · house restored for 1904,By 1886; exact date unresolved,After 1904 and by 1911,,Owner and elevations unresolved; do not use 1911 replacement/empty lot. Basic footprint evidence only.,,core,,,,"[""TYRE-20260923"", ""MAP-1886""]",,,present per supplied expert guidance,"[{""type"": ""loss"", ""date_text"": ""1905–1911 interval; precise year not established"", ""source_ids"": [""TYRE-20260923""]}]",,False,[]
pa-1620-1904-correction,1620 S. Prairie Avenue,1620 Prairie · house restored for 1904,By 1886; exact date unresolved,After 1904 and by 1911,,Owner and elevations unresolved; do not use 1911 replacement/empty lot. Basic footprint evidence only.,,core,,,,"[""TYRE-20260923"", ""MAP-1886""]",,,present per supplied expert guidance,"[{""type"": ""loss"", ""date_text"": ""1905–1911 interval; precise year not established"", ""source_ids"": [""TYRE-20260923""]}]",,False,[]
