address,street,year_label,source_id,source_locator,listed_people,verification,limits
1600,Prairie Avenue,1904,civic-bluebook-1904,printed pp.186–187; PDF pp.188–189,John G. Shortall,OCR-derived factual candidate; visual source-page check pending,"Selected names only; does not establish complete household, ownership, vacancy or building geometry."
1604,Prairie Avenue,1904,civic-bluebook-1904,printed pp.186–187; PDF pp.188–189,John L. Shortall household,OCR-derived factual candidate; visual source-page check pending,"Selected names only; does not establish complete household, ownership, vacancy or building geometry."
1608,Prairie Avenue,1904,civic-bluebook-1904,printed pp.186–187; PDF pp.188–189,Henry L. Frank household,OCR-derived factual candidate; visual source-page check pending,"Selected names only; does not establish complete household, ownership, vacancy or building geometry."
1612,Prairie Avenue,1904,civic-bluebook-1904,printed pp.186–187; PDF pp.188–189,Charles Edward Brown; George F. Brown; George F. Brown Jr.,OCR-derived factual candidate; visual source-page check pending,"Selected names only; does not establish complete household, ownership, vacancy or building geometry."
1616,Prairie Avenue,1904,civic-bluebook-1904,printed pp.186–187; PDF pp.188–189,William R. Stirling household,OCR-derived factual candidate; visual source-page check pending,"Selected names only; does not establish complete household, ownership, vacancy or building geometry."
1619,Prairie Avenue,1904,civic-bluebook-1904,printed pp.186–187; PDF pp.188–189,Howard E. Perry household,OCR-derived factual candidate; visual source-page check pending,"Selected names only; does not establish complete household, ownership, vacancy or building geometry."
1620,Prairie Avenue,1904,civic-bluebook-1904,printed pp.186–187; PDF pp.188–189,F. VanS. Hibbard household,OCR-derived factual candidate; visual source-page check pending,"Selected names only; does not establish complete household, ownership, vacancy or building geometry."
1621,Prairie Avenue,1904,civic-bluebook-1904,printed pp.186–187; PDF pp.188–189,John H. Hamline household; George A. Mead,OCR-derived factual candidate; visual source-page check pending,"Selected names only; does not establish complete household, ownership, vacancy or building geometry."
1625,Prairie Avenue,1904,civic-bluebook-1904,printed pp.186–187; PDF pp.188–189,Hugh J. McBirney household,OCR-derived factual candidate; visual source-page check pending,"Selected names only; does not establish complete household, ownership, vacancy or building geometry."
1626,Prairie Avenue,1904,civic-bluebook-1904,printed pp.186–187; PDF pp.188–189,A. Longini household,OCR-derived factual candidate; visual source-page check pending,"Selected names only; does not establish complete household, ownership, vacancy or building geometry."
1628,Prairie Avenue,1904,civic-bluebook-1904,printed pp.186–187; PDF pp.188–189,M. Einstein household,OCR-derived factual candidate; visual source-page check pending,"Selected names only; does not establish complete household, ownership, vacancy or building geometry."
1634,Prairie Avenue,1904,civic-bluebook-1904,printed pp.186–187; PDF pp.188–189,Erastus Foote; T. H. Bellas household,OCR-derived factual candidate; visual source-page check pending,"Selected names only; does not establish complete household, ownership, vacancy or building geometry."
1636,Prairie Avenue,1904,civic-bluebook-1904,printed pp.186–187; PDF pp.188–189,H. Morris Johnston household; H. McB. Johnston; Morris L. Johnston,OCR-derived factual candidate; visual source-page check pending,"Selected names only; does not establish complete household, ownership, vacancy or building geometry."
1637,Prairie Avenue,1904,civic-bluebook-1904,printed pp.186–187; PDF pp.188–189,William Gold Hibbard Jr. household,OCR-derived factual candidate; visual source-page check pending,"Selected names only; does not establish complete household, ownership, vacancy or building geometry."
1638,Prairie Avenue,1904,civic-bluebook-1904,printed pp.186–187; PDF pp.188–189,Robert B. Gregory household; Elizabeth Gregory; Miss Gregory,OCR-derived factual candidate; visual source-page check pending,"Selected names only; does not establish complete household, ownership, vacancy or building geometry."
1700,Prairie Avenue,1904,civic-bluebook-1904,printed pp.186–187; PDF pp.188–189,Blewett Lee household,OCR-derived factual candidate; visual source-page check pending,"Selected names only; does not establish complete household, ownership, vacancy or building geometry."
1701,Prairie Avenue,1904,civic-bluebook-1904,printed pp.186–187; PDF pp.188–189,Mrs. William Gold Hibbard; Mrs. O. Van Schaack Ward,OCR-derived factual candidate; visual source-page check pending,"Selected names only; does not establish complete household, ownership, vacancy or building geometry."
1706,Prairie Avenue,1904,civic-bluebook-1904,printed pp.186–187; PDF pp.188–189,J. G. M. Glessner household,OCR-derived factual candidate; visual source-page check pending,"Selected names only; does not establish complete household, ownership, vacancy or building geometry."
1708,Prairie Avenue,1904,civic-bluebook-1904,printed pp.186–187; PDF pp.188–189,A. A. Carpenter Jr. household,OCR-derived factual candidate; visual source-page check pending,"Selected names only; does not establish complete household, ownership, vacancy or building geometry."
1709,Prairie Avenue,1904,civic-bluebook-1904,printed pp.186–187; PDF pp.188–189,Jesse Spalding household,OCR-derived factual candidate; visual source-page check pending,"Selected names only; does not establish complete household, ownership, vacancy or building geometry."
1712,Prairie Avenue,1904,civic-bluebook-1904,printed pp.186–187; PDF pp.188–189,George A. McKinlock household,OCR-derived factual candidate; visual source-page check pending,"Selected names only; does not establish complete household, ownership, vacancy or building geometry."
1720,Prairie Avenue,1904,civic-bluebook-1904,printed pp.186–187; PDF pp.188–189,Mrs. James M. Walker,OCR-derived factual candidate; visual source-page check pending,"Selected names only; does not establish complete household, ownership, vacancy or building geometry."
1721,Prairie Avenue,1904,civic-bluebook-1904,printed pp.186–187; PDF pp.188–189,Henry H. Walker household,OCR-derived factual candidate; visual source-page check pending,"Selected names only; does not establish complete household, ownership, vacancy or building geometry."
1726,Prairie Avenue,1904,civic-bluebook-1904,printed pp.186–187; PDF pp.188–189,James R. Walker household,OCR-derived factual candidate; visual source-page check pending,"Selected names only; does not establish complete household, ownership, vacancy or building geometry."
1729,Prairie Avenue,1904,civic-bluebook-1904,printed pp.186–187; PDF pp.188–189,Mrs. George M. Pullman,OCR-derived factual candidate; visual source-page check pending,"Selected names only; does not establish complete household, ownership, vacancy or building geometry."
1730,Prairie Avenue,1904,civic-bluebook-1904,printed pp.186–187; PDF pp.188–189,Mrs. Joseph E. Otis,OCR-derived factual candidate; visual source-page check pending,"Selected names only; does not establish complete household, ownership, vacancy or building geometry."
1736,Prairie Avenue,1904,civic-bluebook-1904,printed pp.186–187; PDF pp.188–189,Hugh McBirney household,OCR-derived factual candidate; visual source-page check pending,"Selected names only; does not establish complete household, ownership, vacancy or building geometry."
1800,Prairie Avenue,1904,civic-bluebook-1904,printed pp.186–187; PDF pp.188–189,John J. Glessner household,OCR-derived factual candidate; visual source-page check pending,"Selected names only; does not establish complete household, ownership, vacancy or building geometry."
1801,Prairie Avenue,1904,civic-bluebook-1904,printed pp.186–187; PDF pp.188–189,W. W. Kimball household,OCR-derived factual candidate; visual source-page check pending,"Selected names only; does not establish complete household, ownership, vacancy or building geometry."
1808,Prairie Avenue,1904,civic-bluebook-1904,printed pp.186–187; PDF pp.188–189,Stanley Field household,OCR-derived factual candidate; visual source-page check pending,"Selected names only; does not establish complete household, ownership, vacancy or building geometry."
1812,Prairie Avenue,1904,civic-bluebook-1904,printed pp.186–187; PDF pp.188–189,Lawrence A. Young household,OCR-derived factual candidate; visual source-page check pending,"Selected names only; does not establish complete household, ownership, vacancy or building geometry."
1815,Prairie Avenue,1904,civic-bluebook-1904,printed pp.186–187; PDF pp.188–189,Arthur Meeker household,OCR-derived factual candidate; visual source-page check pending,"Selected names only; does not establish complete household, ownership, vacancy or building geometry."
1816,Prairie Avenue,1904,civic-bluebook-1904,printed pp.186–187; PDF pp.188–189,Mrs. Charles M. Henderson,OCR-derived factual candidate; visual source-page check pending,"Selected names only; does not establish complete household, ownership, vacancy or building geometry."
1823,Prairie Avenue,1904,civic-bluebook-1904,printed pp.186–187; PDF pp.188–189,Thomas Dent household,OCR-derived factual candidate; visual source-page check pending,"Selected names only; does not establish complete household, ownership, vacancy or building geometry."
1824,Prairie Avenue,1904,civic-bluebook-1904,printed pp.186–187; PDF pp.188–189,Secor Cunningham household,OCR-derived factual candidate; visual source-page check pending,"Selected names only; does not establish complete household, ownership, vacancy or building geometry."
1828,Prairie Avenue,1904,civic-bluebook-1904,printed pp.186–187; PDF pp.188–189,Daniel B. Shipman,OCR-derived factual candidate; visual source-page check pending,"Selected names only; does not establish complete household, ownership, vacancy or building geometry."
1834,Prairie Avenue,1904,civic-bluebook-1904,printed pp.186–187; PDF pp.188–189,Fernando Jones household,OCR-derived factual candidate; visual source-page check pending,"Selected names only; does not establish complete household, ownership, vacancy or building geometry."
1900,Prairie Avenue,1904,civic-bluebook-1904,printed pp.186–187; PDF pp.188–189,Elbridge G. Keith household,OCR-derived factual candidate; visual source-page check pending,"Selected names only; does not establish complete household, ownership, vacancy or building geometry."
1901,Prairie Avenue,1904,civic-bluebook-1904,printed pp.186–187; PDF pp.188–189,Norman B. Ream household,OCR-derived factual candidate; visual source-page check pending,"Selected names only; does not establish complete household, ownership, vacancy or building geometry."
1904,Prairie Avenue,1904,civic-bluebook-1904,printed pp.186–187; PDF pp.188–189,Walter W. Keith household,OCR-derived factual candidate; visual source-page check pending,"Selected names only; does not establish complete household, ownership, vacancy or building geometry."
1905,Prairie Avenue,1904,civic-bluebook-1904,printed pp.186–187; PDF pp.188–189,Marshall Field,OCR-derived factual candidate; visual source-page check pending,"Selected names only; does not establish complete household, ownership, vacancy or building geometry."
1906,Prairie Avenue,1904,civic-bluebook-1904,printed pp.186–187; PDF pp.188–189,Mrs. Edson Keith,OCR-derived factual candidate; visual source-page check pending,"Selected names only; does not establish complete household, ownership, vacancy or building geometry."
1912,Prairie Avenue,1904,civic-bluebook-1904,printed pp.186–187; PDF pp.188–189,Frank Orren Lowden household,OCR-derived factual candidate; visual source-page check pending,"Selected names only; does not establish complete household, ownership, vacancy or building geometry."
1919,Prairie Avenue,1904,civic-bluebook-1904,printed pp.186–187; PDF pp.188–189,Marshall Field Jr. household,OCR-derived factual candidate; visual source-page check pending,"Selected names only; does not establish complete household, ownership, vacancy or building geometry."
1923,Prairie Avenue,1904,civic-bluebook-1904,printed pp.186–187; PDF pp.188–189,Mrs. C. P. Kellogg; Mrs. Lois Kellogg,OCR-derived factual candidate; visual source-page check pending,"Selected names only; does not establish complete household, ownership, vacancy or building geometry."
1936,Prairie Avenue,1904,civic-bluebook-1904,printed pp.186–187; PDF pp.188–189,S. W. Allerton household; Robert H. Allerton,OCR-derived factual candidate; visual source-page check pending,"Selected names only; does not establish complete household, ownership, vacancy or building geometry."
1945,Prairie Avenue,1904,civic-bluebook-1904,printed pp.186–187; PDF pp.188–189,Mrs. Henry Corwith; Charles R. Corwith,OCR-derived factual candidate; visual source-page check pending,"Selected names only; does not establish complete household, ownership, vacancy or building geometry."
2000,Prairie Avenue,1904,civic-bluebook-1904,printed pp.186–187; PDF pp.188–189,John M. Clark household,OCR-derived factual candidate; visual source-page check pending,"Selected names only; does not establish complete household, ownership, vacancy or building geometry."
2001,Prairie Avenue,1904,civic-bluebook-1904,printed pp.186–187; PDF pp.188–189,W. C. Free household,OCR-derived factual candidate; visual source-page check pending,"Selected names only; does not establish complete household, ownership, vacancy or building geometry."
2003,Prairie Avenue,1904,civic-bluebook-1904,printed pp.186–187; PDF pp.188–189,Mrs. H. W. Hoyt household,OCR-derived factual candidate; visual source-page check pending,"Selected names only; does not establish complete household, ownership, vacancy or building geometry."
2005,Prairie Avenue,1904,civic-bluebook-1904,printed pp.186–187; PDF pp.188–189,Casey A. Wood household,OCR-derived factual candidate; visual source-page check pending,"Selected names only; does not establish complete household, ownership, vacancy or building geometry."
2009,Prairie Avenue,1904,civic-bluebook-1904,printed pp.186–187; PDF pp.188–189,M. A. Meyer household; E. F. Meyer; Albert Meyer; Carl Meyer; Abraham Meyer,OCR-derived factual candidate; visual source-page check pending,"Selected names only; does not establish complete household, ownership, vacancy or building geometry."
2010,Prairie Avenue,1904,civic-bluebook-1904,printed pp.186–187; PDF pp.188–189,W. L. Grey household,OCR-derived factual candidate; visual source-page check pending,"Selected names only; does not establish complete household, ownership, vacancy or building geometry."
2011,Prairie Avenue,1904,civic-bluebook-1904,printed pp.186–187; PDF pp.188–189,Augustus D. Lamb; Benjamin B. Lamb,OCR-derived factual candidate; visual source-page check pending,"Selected names only; does not establish complete household, ownership, vacancy or building geometry."
2013,Prairie Avenue,1904,civic-bluebook-1904,printed pp.186–187; PDF pp.188–189,William H. Reid household,OCR-derived factual candidate; visual source-page check pending,"Selected names only; does not establish complete household, ownership, vacancy or building geometry."
2017,Prairie Avenue,1904,civic-bluebook-1904,printed pp.186–187; PDF pp.188–189,A. J. McBean household; George B. McBean; A. J. F. McBean household,OCR-derived factual candidate; visual source-page check pending,"Selected names only; does not establish complete household, ownership, vacancy or building geometry."
2018,Prairie Avenue,1904,civic-bluebook-1904,printed pp.186–187; PDF pp.188–189,E. Walter Herrick; Mrs. L. A. Herrick; Louise Herrick; Mrs. Nicolas de Teresa; Isabel de Teresa,OCR-derived factual candidate; visual source-page check pending,"Selected names only; does not establish complete household, ownership, vacancy or building geometry."
2021,Prairie Avenue,1904,civic-bluebook-1904,printed pp.186–187; PDF pp.188–189,Mrs. James L. High household,OCR-derived factual candidate; visual source-page check pending,"Selected names only; does not establish complete household, ownership, vacancy or building geometry."
2026,Prairie Avenue,1904,civic-bluebook-1904,printed pp.186–187; PDF pp.188–189,Mrs. D. Stettauer household; Charles S. Stettauer,OCR-derived factual candidate; visual source-page check pending,"Selected names only; does not establish complete household, ownership, vacancy or building geometry."
2027,Prairie Avenue,1904,civic-bluebook-1904,printed pp.186–187; PDF pp.188–189,Mrs. J. J. Borland; Chauncey Blair Borland; Bruce Borland,OCR-derived factual candidate; visual source-page check pending,"Selected names only; does not establish complete household, ownership, vacancy or building geometry."
2031,Prairie Avenue,1904,civic-bluebook-1904,printed pp.186–187; PDF pp.188–189,Samuel A. Tolman household,OCR-derived factual candidate; visual source-page check pending,"Selected names only; does not establish complete household, ownership, vacancy or building geometry."
2033,Prairie Avenue,1904,civic-bluebook-1904,printed pp.186–187; PDF pp.188–189,F. R. Otis household; Charles T. Otis; Lucius J. Otis,OCR-derived factual candidate; visual source-page check pending,"Selected names only; does not establish complete household, ownership, vacancy or building geometry."
2035,Prairie Avenue,1904,civic-bluebook-1904,printed pp.186–187; PDF pp.188–189,Mrs. H. O. Stone,OCR-derived factual candidate; visual source-page check pending,"Selected names only; does not establish complete household, ownership, vacancy or building geometry."
2036,Prairie Avenue,1904,civic-bluebook-1904,printed pp.186–187; PDF pp.188–189,E. Buckingham household; Clarence Buckingham,OCR-derived factual candidate; visual source-page check pending,"Selected names only; does not establish complete household, ownership, vacancy or building geometry."
2101,Prairie Avenue,1904,civic-bluebook-1904,printed pp.186–187; PDF pp.188–189,Eugene S. Pike household; Eugene R. Pike household; William Wallace Pike,OCR-derived factual candidate; visual source-page check pending,"Selected names only; does not establish complete household, ownership, vacancy or building geometry."
2109,Prairie Avenue,1904,civic-bluebook-1904,printed pp.186–187; PDF pp.188–189,Robert W. Roloson,OCR-derived factual candidate; visual source-page check pending,"Selected names only; does not establish complete household, ownership, vacancy or building geometry."
2110,Prairie Avenue,1904,civic-bluebook-1904,printed pp.186–187; PDF pp.188–189,Edson Keith Jr. household,OCR-derived factual candidate; visual source-page check pending,"Selected names only; does not establish complete household, ownership, vacancy or building geometry."
2112,Prairie Avenue,1904,civic-bluebook-1904,printed pp.186–187; PDF pp.188–189,Mrs. M. M. Rothschild household; Jesse Rothschild,OCR-derived factual candidate; visual source-page check pending,"Selected names only; does not establish complete household, ownership, vacancy or building geometry."
2115,Prairie Avenue,1904,civic-bluebook-1904,printed pp.186–187; PDF pp.188–189,Mrs. Philip D. Armour,OCR-derived factual candidate; visual source-page check pending,"Selected names only; does not establish complete household, ownership, vacancy or building geometry."
2120,Prairie Avenue,1904,civic-bluebook-1904,printed pp.186–187; PDF pp.188–189,Frank S. Gorton household,OCR-derived factual candidate; visual source-page check pending,"Selected names only; does not establish complete household, ownership, vacancy or building geometry."
2123,Prairie Avenue,1904,civic-bluebook-1904,printed pp.186–187; PDF pp.188–189,Thomas H. Hubbart [OCR reading; verify spelling],OCR-derived factual candidate; visual source-page check pending,"Selected names only; does not establish complete household, ownership, vacancy or building geometry."
2126,Prairie Avenue,1904,civic-bluebook-1904,printed pp.186–187; PDF pp.188–189,Edward F. Robbins household,OCR-derived factual candidate; visual source-page check pending,"Selected names only; does not establish complete household, ownership, vacancy or building geometry."
2140,Prairie Avenue,1904,civic-bluebook-1904,printed pp.186–187; PDF pp.188–189,Byron L. Smith household; Walter B. Smith; Harold C. Smith; Bruce D. Smith,OCR-derived factual candidate; visual source-page check pending,"Selected names only; does not establish complete household, ownership, vacancy or building geometry."
