frontage_id,map_address,map_source_id,candidate_building_ids,directory_candidate_addresses,match_status,note
frontage-20-001,1600,MAP-1911-20,[],[1600],candidate_by_printed_number_not_resolved_identity,"Multi-address buildings, moved sites, predecessor phases and 1909 renumbering require evidence review."
frontage-20-002,1604,MAP-1911-20,[],[1604],candidate_by_printed_number_not_resolved_identity,"Multi-address buildings, moved sites, predecessor phases and 1909 renumbering require evidence review."
frontage-20-003,1608,MAP-1911-20,[],[1608],candidate_by_printed_number_not_resolved_identity,"Multi-address buildings, moved sites, predecessor phases and 1909 renumbering require evidence review."
frontage-20-004,1612,MAP-1911-20,"[""pa-1612-1""]",[1612],candidate_by_printed_number_not_resolved_identity,"Multi-address buildings, moved sites, predecessor phases and 1909 renumbering require evidence review."
frontage-20-005,1616,MAP-1911-20,[],[1616],candidate_by_printed_number_not_resolved_identity,"Multi-address buildings, moved sites, predecessor phases and 1909 renumbering require evidence review."
frontage-20-006,1620,MAP-1911-20,"[""pa-1620-1904-correction""]",[1620],candidate_by_printed_number_not_resolved_identity,"Multi-address buildings, moved sites, predecessor phases and 1909 renumbering require evidence review."
frontage-20-007,1626,MAP-1911-20,[],[1626],candidate_by_printed_number_not_resolved_identity,"Multi-address buildings, moved sites, predecessor phases and 1909 renumbering require evidence review."
frontage-20-008,1628,MAP-1911-20,[],[1628],candidate_by_printed_number_not_resolved_identity,"Multi-address buildings, moved sites, predecessor phases and 1909 renumbering require evidence review."
frontage-20-009,1630,MAP-1911-20,"[""pa-1630-50""]",[],candidate_by_printed_number_not_resolved_identity,"Multi-address buildings, moved sites, predecessor phases and 1909 renumbering require evidence review."
frontage-20-010,1634,MAP-1911-20,[],[1634],candidate_by_printed_number_not_resolved_identity,"Multi-address buildings, moved sites, predecessor phases and 1909 renumbering require evidence review."
frontage-20-011,1636,MAP-1911-20,[],[1636],candidate_by_printed_number_not_resolved_identity,"Multi-address buildings, moved sites, predecessor phases and 1909 renumbering require evidence review."
frontage-20-012,1638,MAP-1911-20,"[""pa-1638-2""]",[1638],candidate_by_printed_number_not_resolved_identity,"Multi-address buildings, moved sites, predecessor phases and 1909 renumbering require evidence review."
frontage-20-013,1700,MAP-1911-20,"[""pa-1700-52""]",[1700],candidate_by_printed_number_not_resolved_identity,"Multi-address buildings, moved sites, predecessor phases and 1909 renumbering require evidence review."
frontage-20-014,1702,MAP-1911-20,"[""pa-1702-43""]",[],candidate_by_printed_number_not_resolved_identity,"Multi-address buildings, moved sites, predecessor phases and 1909 renumbering require evidence review."
frontage-20-015,1706,MAP-1911-20,"[""pa-1706-53""]",[1706],candidate_by_printed_number_not_resolved_identity,"Multi-address buildings, moved sites, predecessor phases and 1909 renumbering require evidence review."
frontage-20-016,1708,MAP-1911-20,"[""pa-1708-54""]",[1708],candidate_by_printed_number_not_resolved_identity,"Multi-address buildings, moved sites, predecessor phases and 1909 renumbering require evidence review."
frontage-20-017,1712,MAP-1911-20,[],[1712],candidate_by_printed_number_not_resolved_identity,"Multi-address buildings, moved sites, predecessor phases and 1909 renumbering require evidence review."
frontage-20-018,1720,MAP-1911-20,"[""pa-1720-55""]",[1720],candidate_by_printed_number_not_resolved_identity,"Multi-address buildings, moved sites, predecessor phases and 1909 renumbering require evidence review."
frontage-20-019,1726,MAP-1911-20,"[""pa-1726–1728-s.-prairie-avenue-(predecessor)-51""]",[1726],candidate_by_printed_number_not_resolved_identity,"Multi-address buildings, moved sites, predecessor phases and 1909 renumbering require evidence review."
frontage-20-020,1730,MAP-1911-20,[],[1730],candidate_by_printed_number_not_resolved_identity,"Multi-address buildings, moved sites, predecessor phases and 1909 renumbering require evidence review."
frontage-20-021,1736,MAP-1911-20,"[""pa-1736-49""]",[1736],candidate_by_printed_number_not_resolved_identity,"Multi-address buildings, moved sites, predecessor phases and 1909 renumbering require evidence review."
frontage-20-022,1601,MAP-1911-20,[],[],candidate_by_printed_number_not_resolved_identity,"Multi-address buildings, moved sites, predecessor phases and 1909 renumbering require evidence review."
frontage-20-023,1605,MAP-1911-20,[],[],candidate_by_printed_number_not_resolved_identity,"The sheet prints 1605; transcribed 1603 until the sheet 20 census re-read it (T-1840). Multi-address buildings, moved sites, predecessor phases and 1909 renumbering require evidence review."
frontage-20-024,1607–1611,MAP-1911-20,"[""pa-1611-1904-correction""]",[],candidate_by_printed_number_not_resolved_identity,"Multi-address buildings, moved sites, predecessor phases and 1909 renumbering require evidence review."
frontage-20-025,1613,MAP-1911-20,[],[],candidate_by_printed_number_not_resolved_identity,"Multi-address buildings, moved sites, predecessor phases and 1909 renumbering require evidence review."
frontage-20-026,1615,MAP-1911-20,[],[],candidate_by_printed_number_not_resolved_identity,"Multi-address buildings, moved sites, predecessor phases and 1909 renumbering require evidence review."
frontage-20-027,1619,MAP-1911-20,[],[1619],candidate_by_printed_number_not_resolved_identity,"Multi-address buildings, moved sites, predecessor phases and 1909 renumbering require evidence review."
frontage-20-028,1621,MAP-1911-20,[],[1621],candidate_by_printed_number_not_resolved_identity,"Multi-address buildings, moved sites, predecessor phases and 1909 renumbering require evidence review."
frontage-20-029,1623,MAP-1911-20,[],[],candidate_by_printed_number_not_resolved_identity,"Multi-address buildings, moved sites, predecessor phases and 1909 renumbering require evidence review."
frontage-20-030,1625,MAP-1911-20,[],[1625],candidate_by_printed_number_not_resolved_identity,"Multi-address buildings, moved sites, predecessor phases and 1909 renumbering require evidence review."
frontage-20-031,1637,MAP-1911-20,"[""pa-1637-45""]",[1637],candidate_by_printed_number_not_resolved_identity,"Multi-address buildings, moved sites, predecessor phases and 1909 renumbering require evidence review."
frontage-20-032,1701,MAP-1911-20,"[""pa-1701-3""]",[1701],candidate_by_printed_number_not_resolved_identity,"Multi-address buildings, moved sites, predecessor phases and 1909 renumbering require evidence review."
frontage-20-033,1709,MAP-1911-20,"[""pa-1709-46"", ""pa-1709-s.-prairie-avenue-(successor)-47""]",[1709],candidate_by_printed_number_not_resolved_identity,"Multi-address buildings, moved sites, predecessor phases and 1909 renumbering require evidence review."
frontage-20-034,1721,MAP-1911-20,"[""pa-1721-4""]",[1721],candidate_by_printed_number_not_resolved_identity,"The sheet prints 1721; transcribed 1719 until the sheet 20 census re-read it (T-1840). The same property as the named Dexter record at 1721. Multi-address buildings, moved sites, predecessor phases and 1909 renumbering require evidence review."
frontage-20-035,1729,MAP-1911-20,"[""pa-1729-5""]",[1729],candidate_by_printed_number_not_resolved_identity,"Multi-address buildings, moved sites, predecessor phases and 1909 renumbering require evidence review."
frontage-28-036,1800,MAP-1911-28,"[""pa-1800-22""]",[1800],resolved_by_sheet_census,"Sheet 28 census (T-1841): s28-1800-front — front, standing (attested); s28-1800-wing — attached wing, standing (inferred)."
frontage-28-037,1808,MAP-1911-28,"[""pa-1808-6""]",[1808],resolved_by_sheet_census,"Sheet 28 census (T-1841): s28-1808-front — front, standing (inferred); s28-1808-wing — attached wing, standing (inferred)."
frontage-28-038,1812,MAP-1911-28,"[""pa-1812-7""]",[1812],resolved_by_sheet_census,"Sheet 28 census (T-1841): s28-1812-front — front, standing (inferred); s28-1812-rear — detached service, standing as stable/coach house (inferred)."
frontage-28-039,1816,MAP-1911-28,"[""pa-1816-33""]",[1816],resolved_by_sheet_census,"Sheet 28 census (T-1841): s28-1816-front — front, standing (inferred); s28-1816-wing — attached wing, standing (inferred); s28-1816-rear — detached service, standing as stable/coach house (inferred)."
frontage-28-040,1824,MAP-1911-28,"[""pa-1824-8""]",[1824],resolved_by_sheet_census,"Sheet 28 census (T-1841): s28-1824-front — front, standing (inferred); s28-1824-wing — attached wing, standing (inferred); s28-1824-rear — detached service, standing as stable/coach house (inferred)."
frontage-28-041,1828,MAP-1911-28,[],[1828],map_only_no_named_record,"Sheet 28 census (T-1841): s28-1828-front — front, standing (reconstructed); s28-1828-wing — attached wing, standing (reconstructed); s28-1828-rear — detached service, standing as stable/coach house (reconstructed)."
frontage-28-042,1834,MAP-1911-28,"[""pa-1834-9""]",[1834],resolved_by_sheet_census,"Sheet 28 census (T-1841): s28-1834-front — front, standing (inferred); s28-1834-rear — detached service, standing as stable/coach house (inferred)."
frontage-28-043,1900,MAP-1911-28,"[""pa-1900-25""]",[1900],resolved_by_sheet_census,"Sheet 28 census (T-1841): s28-1900-front — front, standing (inferred); s28-1900-wing — attached wing, standing (inferred); s28-1900-rear — detached service, standing as stable/coach house (inferred)."
frontage-28-044,1906,MAP-1911-28,"[""pa-1906-34""]",[1906],resolved_by_sheet_census,"Sheet 28 census (T-1841): s28-1906-front — front, standing (inferred); s28-1906-rear — detached service, standing as stable/coach house (inferred)."
frontage-28-045,1908,MAP-1911-28,"[""pa-1906-34""]",[],resolved_by_sheet_census,"Sheet 28 census (T-1841): s28-1908-wing — attached wing, standing (inferred)."
frontage-28-046,1912,MAP-1911-28,"[""pa-1912-10""]",[1912],resolved_by_sheet_census,"Sheet 28 census (T-1841): s28-1912-front — front, standing (inferred); s28-1912-wing — attached wing, standing (inferred); s28-1912-rear — detached service, standing as stable/coach house (inferred)."
frontage-28-047,1918 (1936),MAP-1911-28,"[""pa-1936-11""]",[],resolved_by_sheet_census,"Sheet 28 census (T-1841): s28-1918-front — front, standing (inferred); s28-1936-wing — attached wing, standing (inferred); s28-1936-rear — detached service, standing as stable/coach house (inferred)."
frontage-28-048,1936,MAP-1911-28,"[""pa-1936-11""]",[1936],resolved_by_sheet_census,"Sheet 28 census (T-1841): s28-1936-grounds — grounds, open grounds of the Allerton house (inferred)."
frontage-28-049,1801,MAP-1911-28,"[""pa-1801-23""]",[1801],resolved_by_sheet_census,"Sheet 28 census (T-1841): s28-1801-front — front, standing (inferred); s28-1801-wing — attached wing, standing (inferred)."
frontage-28-050,1811,MAP-1911-28,"[""pa-1811-24""]",[],resolved_by_sheet_census,"Sheet 28 census (T-1841): s28-1811-front — front, standing (inferred); s28-1811-wing — attached wing, standing (inferred); s28-1811-rear — detached service, standing as stable/coach house (inferred)."
frontage-28-051,1815,MAP-1911-28,"[""pa-1815-12""]",[1815],resolved_by_sheet_census,"Sheet 28 census (T-1841): s28-1815-front — front, standing (inferred); s28-1815-rear — detached service, standing as stable/coach house (inferred)."
frontage-28-052,1823,MAP-1911-28,"[""pa-1823-13""]",[1823],resolved_by_sheet_census,"Sheet 28 census (T-1841): s28-1823-front — front, standing (inferred); s28-1823-wing — attached wing, standing (inferred)."
frontage-28-053,1827,MAP-1911-28,"[""pa-1827-14""]",[],resolved_by_sheet_census,"Sheet 28 census (T-1841): s28-1827-front — front, standing (inferred); s28-1827-rear — detached service, standing as stable/coach house (inferred)."
frontage-28-054,1901,MAP-1911-28,"[""pa-1901-15""]",[1901],resolved_by_sheet_census,"Sheet 28 census (T-1841): s28-1901-front — front, standing (inferred); s28-1901-rear — detached service, standing as stable/coach house (inferred)."
frontage-28-055,1905,MAP-1911-28,"[""pa-1905-16""]",[1905],resolved_by_sheet_census,"Sheet 28 census (T-1841): s28-1905-front — front, standing (inferred); s28-1905-rear — detached service, standing as stable/coach house (inferred)."
frontage-28-056,1919,MAP-1911-28,"[""pa-1919-26""]",[1919],resolved_by_sheet_census,"Sheet 28 census (T-1841): s28-1919-front — front, standing (inferred); s28-1919-wing — attached wing, standing (inferred)."
frontage-28-057,1923,MAP-1911-28,"[""pa-1923-35""]",[1923],resolved_by_sheet_census,"Sheet 28 census (T-1841): s28-1923-front — front, standing (inferred); s28-1923-rear — detached service, standing as stable/coach house (inferred)."
frontage-28-058,1945,MAP-1911-28,"[""pa-1945-armour-corwith""]",[1945],resolved_by_sheet_census,"Sheet 28 census (T-1841): s28-1945-front — front, standing (inferred); s28-1945-wing — attached wing, standing (inferred); s28-1945-rear — detached service, standing as stable/coach house (inferred)."
frontage-35-059,2000,MAP-1911-35,[],[2000],map_only_no_named_record,"Sheet 35 census (T-1842): s35-2000-front — front, standing (inferred); s35-2000-wing — attached wing, standing (inferred); s35-2000-rear — detached service, standing (inferred)."
frontage-35-060,2010,MAP-1911-35,[],[2010],map_only_no_named_record,"Sheet 35 census (T-1842): s35-2010-front — front, standing (inferred); s35-2010-wing — attached wing, standing (inferred); s35-2010-rear — detached service, standing (inferred)."
frontage-35-061,2018,MAP-1911-35,[],[2018],map_only_no_named_record,"Sheet 35 census (T-1842): s35-2018-front — front, standing (inferred); s35-2018-wing — attached wing, standing (inferred); s35-2018-rear — detached service, standing (inferred)."
frontage-35-062,2026,MAP-1911-35,[],[2026],map_only_no_named_record,"Sheet 35 census (T-1842): s35-2026-front — front, standing (inferred); s35-2026-wing — attached wing, standing (inferred); s35-2026-rear — detached service, standing (inferred); s35-2026-ground — grounds, open ground (inferred)."
frontage-35-063,2036,MAP-1911-35,"[""pa-2036-38""]",[2036],resolved_by_sheet_census,"Sheet 35 census (T-1842): s35-2036-front — front, standing (inferred); s35-2036-rear — detached service, standing (inferred); s35-2036-walls — grounds, boundary walls (inferred)."
frontage-35-064,2100,MAP-1911-35,"[""pa-2100-18""]",[],resolved_by_sheet_census,"Sheet 35 census (T-1842): s35-2100-front — front, standing (inferred); s35-2100-wing — attached wing, standing (inferred); s35-2100-rear — detached service, standing (inferred); s35-2100-walls — grounds, boundary walls (inferred)."
frontage-35-065,2108,MAP-1911-35,"[""pa-2108-40""]",[],resolved_by_sheet_census,"Sheet 35 census (T-1842): s35-2108-front — front, standing (attested); s35-2108-wing — attached wing, standing (inferred); s35-2108-rear — detached service, standing (inferred)."
frontage-35-066,2110,MAP-1911-35,"[""pa-2110-30""]",[2110],resolved_by_sheet_census,"Sheet 35 census (T-1842): s35-2110-front — front, standing (inferred); s35-2110-wing — attached wing, standing (inferred); s35-2110-rear — detached service, standing (inferred)."
frontage-35-067,2112,MAP-1911-35,"[""pa-2112-39""]",[2112],resolved_by_sheet_census,"Sheet 35 census (T-1842): s35-2112-front — front, standing (inferred); s35-2112-wing — attached wing, standing (inferred); s35-2112-rear — detached service, standing as stable/coach house (inferred)."
frontage-35-068,2120,MAP-1911-35,[],[2120],map_only_no_named_record,"Sheet 35 census (T-1842): s35-2120-front — front, standing (inferred); s35-2120-wing — attached wing, standing (inferred); s35-2120-rear — detached service, standing as stable/coach house (inferred)."
frontage-35-069,2126,MAP-1911-35,"[""pa-2126-20""]",[2126],resolved_by_sheet_census,"Sheet 35 census (T-1842): s35-2126-front — front, under construction on the target date (unresolved); s35-2126-wing — attached wing, under construction on the target date (reconstructed); s35-2126-rear — detached service, standing (reconstructed)."
frontage-35-070,2130,MAP-1911-35,"[""pa-2130-42""]",[],resolved_by_sheet_census,"Sheet 35 census (T-1842): s35-2130-front — front, standing (inferred); s35-2130-wing — attached wing, standing (inferred); s35-2130-rear — detached service, standing (inferred)."
frontage-35-071,2140,MAP-1911-35,"[""pa-2140-21""]",[2140],resolved_by_sheet_census,"Sheet 35 census (T-1842): s35-2140-front — front, standing (inferred); s35-2140-wing — attached wing, standing (inferred); s35-2140-rear — detached service, standing (inferred); s35-2140-alley — detached service, standing (inferred); s35-2140-walls — grounds, boundary walls (inferred)."
frontage-35-072,2001,MAP-1911-35,[],[2001],map_only_no_named_record,"Sheet 35 census (T-1842): s35-2001-front — front, standing (inferred); s35-2001-wing — attached wing, standing (inferred); s35-2001-rear — detached service, standing as stable/coach house (inferred)."
frontage-35-073,2003,MAP-1911-35,[],[2003],map_only_no_named_record,"Sheet 35 census (T-1842): s35-2003-front — front, standing (inferred); s35-2003-wing — attached wing, standing (inferred)."
frontage-35-074,2005,MAP-1911-35,[],[2005],map_only_no_named_record,"Sheet 35 census (T-1842): s35-2005-front — front, standing (inferred); s35-2005-wing — attached wing, standing (inferred); s35-2005-walls — grounds, boundary walls (inferred)."
frontage-35-075,2009,MAP-1911-35,"[""pa-2009-17""]",[2009],resolved_by_sheet_census,"Sheet 35 census (T-1842): s35-2009-front — front, standing (inferred); s35-2009-wing — attached wing, standing (inferred); s35-2009-rear — detached service, standing as stable/coach house (inferred)."
frontage-35-076,2011,MAP-1911-35,[],[2011],map_only_no_named_record,"Sheet 35 census (T-1842): s35-2011-front — front, standing (inferred); s35-2011-wing — attached wing, standing (inferred); s35-2011-rear — detached service, standing as stable/coach house (inferred)."
frontage-35-077,2013,MAP-1911-35,"[""pa-2013-29""]",[2013],resolved_by_sheet_census,"Sheet 35 census (T-1842): s35-2013-front — front, standing (inferred); s35-2013-wing — attached wing, standing (inferred); s35-2013-rear — detached service, standing as stable/coach house (inferred)."
frontage-35-078,2017,MAP-1911-35,[],[2017],map_only_no_named_record,"Sheet 35 census (T-1842): s35-2017-front — front, standing (inferred); s35-2017-wing — attached wing, standing (inferred); s35-2017-rear — detached service, standing as stable/coach house (inferred)."
frontage-35-079,2021,MAP-1911-35,"[""pa-2021-36""]",[2021],resolved_by_sheet_census,"Sheet 35 census (T-1842): s35-2021-front — front, standing (inferred); s35-2021-wing — attached wing, standing (inferred); s35-2021-rear — detached service, standing as stable/coach house (inferred)."
frontage-35-080,2027,MAP-1911-35,"[""pa-2027-37""]",[2027],resolved_by_sheet_census,"Sheet 35 census (T-1842): s35-2027-front — front, standing (inferred); s35-2027-wing — attached wing, standing (inferred); s35-2027-rear — detached service, standing as stable/coach house (inferred)."
frontage-35-081,2031,MAP-1911-35,"[""pa-2031-nrhp""]",[2031],resolved_by_sheet_census,"Sheet 35 census (T-1842): s35-2031-front — front, standing (inferred); s35-2031-wing — attached wing, standing (inferred); s35-2031-rear — detached service, standing as stable/coach house (inferred)."
frontage-35-082,2033,MAP-1911-35,"[""pa-2033-nrhp""]",[2033],resolved_by_sheet_census,"Sheet 35 census (T-1842): s35-2033-front — front, standing (attested); s35-2033-wing — attached wing, standing (inferred); s35-2033-rear — detached service, standing as stable/coach house (inferred)."
frontage-35-083,2035,MAP-1911-35,"[""pa-2035-nrhp""]",[2035],resolved_by_sheet_census,"Sheet 35 census (T-1842): s35-2035-front — front, standing (attested); s35-2035-rear — detached service, standing (inferred)."
frontage-35-084,2101,MAP-1911-35,[],[2101],map_only_no_named_record,"Sheet 35 census (T-1842): s35-2101-front — front, standing (inferred); s35-2101-wing — attached wing, standing (inferred); s35-2101-rear — detached service, standing as stable/coach house (inferred)."
frontage-35-085,2109,MAP-1911-35,"[""pa-2109-41""]",[2109],resolved_by_sheet_census,"Sheet 35 census (T-1842): s35-2109-front — front, standing (inferred); s35-2109-rear — detached service, standing as stable/coach house (inferred)."
frontage-35-086,2115,MAP-1911-35,"[""pa-2115-19""]",[2115],resolved_by_sheet_census,"Sheet 35 census (T-1842): s35-2115-front — front, standing (inferred); s35-2115-wing — attached wing, standing (inferred); s35-2115-rear — detached service, standing as stable/coach house (inferred)."
frontage-35-087,2123,MAP-1911-35,[],[2123],map_only_no_named_record,"Sheet 35 census (T-1842): s35-2123-front — front, standing (inferred); s35-2123-wing — attached wing, standing (inferred); s35-2123-rear — detached service, standing as stable/coach house (inferred)."
frontage-35-088,2125,MAP-1911-35,[],[],map_only_no_named_record,"Sheet 35 census (T-1842): s35-2125-front — front, standing (inferred); s35-2125-wing — attached wing, standing (inferred); s35-2125-rear — detached service, standing (inferred)."
frontage-35-089,2127,MAP-1911-35,[],[],map_only_no_named_record,"Sheet 35 census (T-1842): s35-2127-front — front, standing (inferred); s35-2127-wing — attached wing, standing (inferred)."
frontage-35-090,2129,MAP-1911-35,[],[],map_only_no_named_record,Sheet 35 census (T-1842): the second number of 2127 Prairie's building; its polygons are on that row.
frontage-35-091,2141,MAP-1911-35,[],[],map_only_no_named_record,"Sheet 35 census (T-1842): s35-2141-ground — grounds, open ground (inferred)."
