pa-1612-1	1612 S. Prairie Avenue	Joseph Goodman / Studebaker residence		inferred present
pa-1638-2	1638 S. Prairie Avenue	John G. Shortall / Robert B. and Addie Gregory residence	John W. Roberts	inferred present
pa-1701-3	1701 S. Prairie Avenue	William G. Hibbard residence	William Le Baron Jenney	inferred present
pa-1721-4	1721 S. Prairie Avenue	Wirt Dexter residence		inferred present
pa-1729-5	1729 S. Prairie Avenue	George M. Pullman residence	Henry S. Jaffray; later Solon S. Beman	inferred present
pa-1808-6	1808 S. Prairie Avenue	Osborn R. Keith / Stanley Field residence	Cobb & Frost	inferred present
pa-1812-7	1812 S. Prairie Avenue	George H. Wheeler residence	Burnham & Root	inferred present
pa-1824-8	1824 S. Prairie Avenue	Samuel B. Pomeroy / George B. Marsh residence		inferred present
pa-1834-9	1834 S. Prairie Avenue	Fernando Jones residence	John M. Van Osdel	inferred present
pa-1912-10	1912 S. Prairie Avenue	Bryan P. Moulton / Frank O. Lowden residence		inferred present
pa-1936-11	1936 S. Prairie Avenue	Daniel M. Thompson / Samuel W. Allerton residence	Lavall B. Dixon	inferred present
pa-1815-12	1815 S. Prairie Avenue	Joseph Sears / Arthur Meeker residence	Burnham & Root	inferred present
pa-1823-13	1823 S. Prairie Avenue	Thomas Dent residence	Burnham & Root	inferred present
pa-1827-14	1827 S. Prairie Avenue	John W. Doane residence	Theodore V. Wadskier	inferred present
pa-1901-15	1901 S. Prairie Avenue	Osborn R. Keith / Norman B. Ream residence	Lavall B. Dixon; remodel Daniel Burnham	inferred present
pa-1905-16	1905 S. Prairie Avenue	Marshall Field Sr. residence	Richard Morris Hunt	inferred present
pa-2009-17	2009 S. Prairie Avenue	Max A. Mayer residence	Burnham & Root	inferred present
pa-2100-18	2100 S. Prairie Avenue	John B. Sherman residence	Burnham & Root	inferred present
pa-2115-19	2115 S. Prairie Avenue	David Kelley / Philip D. Armour residence		inferred present
pa-2126-20	2126 S. Prairie Avenue	Edward F. Robbins residence	Mann, MacNeill & Lindeberg	construction during target year; month unresolved
pa-2140-21	2140 S. Prairie Avenue	William F. Tucker / Byron L. Smith residence	John M. Van Osdel	inferred present
pa-1800-22	1800 S. Prairie Avenue	John and Frances Glessner residence	Henry Hobson Richardson	inferred present
pa-1801-23	1801 S. Prairie Avenue	William W. Kimball residence	Solon S. Beman	inferred present
pa-1811-24	1811 S. Prairie Avenue	Joseph G. Coleman / Ames residence	Cobb & Frost	inferred present
pa-1900-25	1900 S. Prairie Avenue	Elbridge G. Keith residence	John W. Roberts	inferred present
pa-1919-26	1919 S. Prairie Avenue	William Murray / Charles Schwartz / Marshall Field Jr. residence	Solon S. Beman; D. H. Burnham & Co. addition	inferred present
pa-213–217-e.-cullerton-street-27	213–217 E. Cullerton Street	Three surviving rowhouses		inferred present
pa-1827-s.-indiana-avenue-(modern-location)-28	1827 S. Indiana Avenue (modern location)	Henry B. Clarke residence		absent from this site in 1904
pa-2013-29	2013 S. Prairie Avenue	William H. Reid residence	Beers, Clay & Dutton	inferred present
pa-2110-30	2110 S. Prairie Avenue	Harriet P. Rees residence	Cobb & Frost	inferred present
pa-2018-s.-calumet-avenue-31	2018 S. Calumet Avenue	Calvin T. Wheeler / Joseph A. Kohn residence	Otis L. Wheelock	inferred present
pa-1936-s.-michigan-avenue-32	1936 S. Michigan Avenue	Second Presbyterian Church	James Renwick; interior Howard Van Doren Shaw and Frederic Clay Bartlett	inferred present
pa-1816-33	1816 S. Prairie Avenue	Charles M. Henderson residence		unresolved
pa-1906-34	1906 S. Prairie Avenue	Edson Keith residence		unresolved
pa-1923-35	1923 S. Prairie Avenue	Charles P. Kellogg residence		unresolved
pa-2021-36	2021 S. Prairie Avenue	Benjamin Adams / James L. High residence		inferred present
pa-2027-37	2027 S. Prairie Avenue	Silas B. Cobb-associated residence		unresolved
pa-2036-38	2036 S. Prairie Avenue	Ebenezer Buckingham residence		unresolved
pa-2112-39	2112 S. Prairie Avenue	Max M. Rothschild residence		unresolved
pa-2108-40	2108 S. Prairie Avenue	Mark Kimball residence		unresolved
pa-2109-41	2109 S. Prairie Avenue	Robert Roloson residence		unresolved
pa-2130-42	2130 S. Prairie Avenue	Thomas Murdoch residence		unresolved
pa-1702-43	1702 S. Prairie Avenue	John Nichols Staples / Turlington W. Harvey residence		demolished before 1904
pa-1804–1808-s.-prairie-avenue-(predecessors)-44	1804–1808 S. Prairie Avenue (predecessors)	Horatio Hitchcock / A. J. Galloway double houses		demolished before 1904
pa-1637-45	1637 S. Prairie Avenue	Cornelia Grosvenor / Jesse Spalding residence		unresolved
pa-1709-46	1709 S. Prairie Avenue	Nicholas O. Williams residence	W. W. Boyington	demolished before 1904
pa-1709-s.-prairie-avenue-(successor)-47	1709 S. Prairie Avenue (successor)	Palmer Kellogg residence	Burnham & Root	inferred present
pa-1635-48	1635 S. Prairie Avenue	Col. Robert Forsyth residence		uncertain; likely absent
pa-1736-49	1736 S. Prairie Avenue	Granville S. Ingraham / Hugh McBirney residence		inferred present
pa-1630-50	1630 S. Prairie Avenue	Small early residence; owner unresolved		unresolved
pa-1726–1728-s.-prairie-avenue-(predecessor)-51	1726–1728 S. Prairie Avenue (predecessor)	Early frame double house		demolished before 1904
pa-1700-52	1700 S. Prairie Avenue	Blewett and Frances Glessner Lee townhouse	Shepley, Rutan & Coolidge	inferred present
pa-1706-53	1706 S. Prairie Avenue	George and Alice Glessner townhouse	Shepley, Rutan & Coolidge	inferred present
pa-1708-54	1708 S. Prairie Avenue	James and Narcissa Thorne residence		unresolved
pa-1720-55	1720 S. Prairie Avenue	John Tyrrell / James Walker residence	Otis L. Wheelock	inferred present
pa-2008-s.-calumet-avenue-56	2008 S. Calumet Avenue	Philander C. Hanford residence	Henry S. Jaffray; interiors Isaac Scott	inferred present
pa-2031-nrhp	2031 S. Prairie Avenue	Townhouse; historic owner unresolved		unresolved
pa-2033-nrhp	2033 S. Prairie Avenue	Townhouse; historic owner unresolved		unresolved
pa-2035-nrhp	2035 S. Prairie Avenue	Townhouse; historic owner unresolved		unresolved
pa-1609-1904-correction	1609 S. Prairie Avenue	1609 Prairie · house restored for 1904		present per supplied expert guidance
pa-1611-1904-correction	1611 S. Prairie Avenue	1611 Prairie · house restored for 1904		present per supplied expert guidance
pa-1620-1904-correction	1620 S. Prairie Avenue	1620 Prairie · house restored for 1904		present per supplied expert guidance
